first_name,last_name,phone_number,email
Eve,Taylor,+1-507-367-6750,alice.walker@example.com
Jane,Brown,+1-340-970-3416,frank.smith@mail.com
Bob,Lee,+1-481-509-6812,frank.smith@test.org
Dana,Anderson,+1-693-764-3729,chris.walker@demo.net
Frank,Johnson,+1-499-835-6924,dana.lee@service.co
Dana,Lee,+1-134-426-6966,alice.anderson@demo.net
John,Smith,+1-346-887-8360,chris.smith@mail.com
Alice,Johnson,+1-171-171-3369,eve.lee@example.com
Bob,Anderson,+1-497-612-6709,dana.walker@test.org
John,Johnson,+1-130-800-8243,bob.smith@mail.com
Jane,Anderson,+1-614-844-7931,alice.smith@test.org
Bob,Taylor,+1-710-901-4438,jane.taylor@example.com
Chris,Taylor,+1-988-375-7208,alice.lee@service.co
Alice,Walker,+1-552-867-3015,frank.johnson@mail.com
Eve,White,+1-591-195-5216,bob.white@mail.com
John,Taylor,+1-926-352-8770,eve.white@demo.net
Frank,Taylor,+1-228-368-2565,john.walker@example.com
Dana,Smith,+1-206-192-3307,bob.taylor@service.co
Bob,Brown,+1-950-755-8972,eve.anderson@demo.net
Eve,Walker,+1-350-241-5659,john.lee@mail.com
Jane,Johnson,+1-147-691-3431,eve.anderson@demo.net
John,Smith,+1-332-728-7286,dana.lee@test.org
Alice,Lee,+1-647-588-4250,dana.smith@test.org
Jane,Brown,+1-160-501-1394,eve.johnson@example.com
Frank,Brown,+1-640-753-8788,alice.lee@mail.com
Chris,Anderson,+1-146-641-2570,jane.walker@service.co
Dana,Lee,+1-944-169-5209,jane.brown@service.co
Chris,Johnson,+1-525-804-2063,alice.white@test.org
Chris,Walker,+1-591-166-8221,john.brown@service.co
Chris,White,+1-474-617-5612,chris.taylor@test.org
Eve,White,+1-205-149-5885,jane.taylor@example.com
Eve,Lee,+1-514-663-8189,alice.johnson@example.com
Dana,Taylor,+1-244-918-4731,eve.anderson@test.org
Bob,Walker,+1-546-886-7941,chris.taylor@demo.net
Alice,Anderson,+1-552-910-6249,chris.anderson@mail.com
Frank,White,+1-248-211-1572,frank.anderson@test.org
John,Anderson,+1-895-264-5760,john.white@example.com
Frank,Walker,+1-927-259-3816,chris.white@demo.net
Eve,Lee,+1-765-272-8318,eve.walker@example.com
Alice,Lee,+1-628-940-5254,john.white@demo.net
Eve,Lee,+1-118-987-3898,alice.walker@mail.com
Eve,Smith,+1-382-758-9278,jane.anderson@example.com
Frank,White,+1-272-800-6948,dana.taylor@demo.net
Chris,Lee,+1-178-975-5313,eve.brown@test.org
Alice,Smith,+1-577-890-3084,bob.walker@example.com
Dana,Anderson,+1-312-936-7672,john.brown@service.co
Alice,Smith,+1-133-415-2604,frank.johnson@service.co
Frank,White,+1-383-194-5141,eve.white@test.org
Alice,Walker,+1-351-900-1564,chris.johnson@example.com
Alice,Smith,+1-828-190-1798,jane.walker@example.com
Eve,Smith,+1-126-970-8562,dana.johnson@mail.com
Frank,Lee,+1-699-258-8088,chris.johnson@example.com
Dana,Anderson,+1-987-789-7766,john.taylor@service.co
Jane,Taylor,+1-707-268-5815,eve.brown@test.org
Chris,Walker,+1-718-575-9891,chris.johnson@test.org
Bob,Brown,+1-235-612-7978,alice.brown@example.com
Alice,Anderson,+1-730-799-4924,chris.brown@mail.com
Jane,Brown,+1-875-790-8597,frank.brown@mail.com
Bob,Anderson,+1-493-634-6577,bob.white@mail.com
Dana,Walker,+1-617-741-1167,eve.white@demo.net
Bob,Walker,+1-518-108-8458,dana.smith@example.com
Frank,Walker,+1-219-919-8332,jane.taylor@service.co
Dana,Taylor,+1-977-677-9260,alice.lee@example.com
Alice,Taylor,+1-825-839-8451,john.lee@service.co
Eve,Walker,+1-982-445-7647,chris.white@demo.net
John,Brown,+1-287-779-7581,frank.taylor@test.org
Alice,Johnson,+1-119-279-4932,dana.brown@test.org
Chris,Smith,+1-500-199-5703,chris.white@service.co
Frank,Anderson,+1-210-557-2872,frank.brown@demo.net
Bob,Smith,+1-503-734-7184,chris.johnson@example.com
Jane,Lee,+1-672-742-8502,eve.walker@example.com
Alice,Walker,+1-961-810-7837,frank.brown@mail.com
Chris,Smith,+1-223-529-5864,bob.white@demo.net
Eve,Smith,+1-511-499-6626,chris.johnson@test.org
Bob,Smith,+1-929-195-5342,chris.white@test.org
Dana,Lee,+1-951-158-8686,john.brown@demo.net
Alice,Anderson,+1-165-772-5999,jane.smith@service.co
Frank,Johnson,+1-382-904-9394,alice.walker@mail.com
Alice,White,+1-740-695-7950,alice.anderson@demo.net
John,Brown,+1-196-174-6488,john.walker@test.org
Bob,Johnson,+1-996-750-4445,john.johnson@service.co
Alice,Brown,+1-648-258-5190,dana.white@mail.com
Alice,Smith,+1-912-243-6207,frank.brown@mail.com
Jane,Anderson,+1-982-103-7465,alice.smith@test.org
Jane,Brown,+1-616-743-2845,john.white@service.co
Chris,Brown,+1-539-804-3112,bob.white@service.co
Bob,Johnson,+1-930-996-5111,john.brown@demo.net
Jane,Taylor,+1-234-443-8910,jane.johnson@test.org
Dana,White,+1-276-289-4546,frank.taylor@test.org
Dana,Brown,+1-590-714-3236,alice.taylor@service.co
John,White,+1-326-483-9479,dana.anderson@demo.net
Dana,Brown,+1-452-457-6513,john.white@mail.com
Dana,Smith,+1-735-875-8166,jane.walker@demo.net
Bob,Taylor,+1-997-697-3265,bob.lee@test.org
Bob,Brown,+1-649-748-8221,bob.lee@service.co
Eve,Brown,+1-465-220-4963,bob.johnson@test.org
Frank,Brown,+1-505-119-8397,frank.white@test.org
Dana,Brown,+1-949-654-6470,eve.anderson@service.co
Bob,Lee,+1-188-153-2635,alice.lee@service.co
Alice,Johnson,+1-897-406-7186,jane.smith@test.org
Dana,Brown,+1-110-404-3116,dana.brown@test.org
John,Taylor,+1-900-777-2410,frank.lee@example.com
Frank,Anderson,+1-816-656-5212,bob.brown@demo.net
Bob,White,+1-390-804-6918,dana.smith@test.org
Alice,Smith,+1-609-370-3848,john.anderson@demo.net
Chris,Walker,+1-219-236-8287,bob.johnson@service.co
Frank,Taylor,+1-429-822-2036,frank.brown@test.org
Alice,Smith,+1-676-775-2914,eve.taylor@example.com
Chris,Smith,+1-996-982-1596,chris.brown@test.org
Alice,Anderson,+1-746-682-5009,chris.lee@mail.com
Alice,Smith,+1-584-230-6133,bob.walker@service.co
Frank,Anderson,+1-973-596-6845,frank.anderson@mail.com
Alice,Lee,+1-693-269-7280,eve.brown@mail.com
Alice,Walker,+1-920-132-4226,alice.johnson@service.co
Jane,Lee,+1-906-337-8502,eve.white@service.co
Bob,Taylor,+1-226-606-5856,jane.brown@test.org
Chris,Anderson,+1-106-470-7648,eve.smith@service.co
Alice,Brown,+1-852-557-8402,dana.anderson@test.org
Jane,Lee,+1-379-656-7004,chris.anderson@mail.com
Bob,White,+1-264-253-1159,chris.lee@example.com
Eve,Johnson,+1-387-358-1553,alice.walker@service.co
Eve,Anderson,+1-436-537-6065,john.brown@mail.com
John,Brown,+1-320-763-7418,eve.anderson@service.co
John,White,+1-882-638-5074,dana.white@mail.com
Dana,Lee,+1-257-729-1434,frank.lee@service.co
Chris,Lee,+1-510-470-8146,alice.anderson@mail.com
Frank,Smith,+1-835-925-2282,eve.anderson@mail.com
Bob,Taylor,+1-368-512-6744,chris.brown@example.com
Jane,Lee,+1-630-541-7666,bob.brown@example.com
Dana,Anderson,+1-225-128-2805,frank.white@mail.com
John,Brown,+1-664-135-9580,jane.walker@demo.net
Jane,Johnson,+1-260-826-4032,chris.taylor@example.com
Chris,Brown,+1-910-453-5640,eve.white@mail.com
Jane,White,+1-280-460-5593,john.brown@mail.com
Frank,Anderson,+1-137-131-4836,frank.anderson@mail.com
Dana,White,+1-317-239-3311,chris.taylor@service.co
Jane,White,+1-590-163-1974,jane.lee@demo.net
Jane,Brown,+1-588-675-1337,john.anderson@demo.net
Eve,Anderson,+1-577-219-1952,john.walker@mail.com
Frank,Lee,+1-721-701-5660,alice.walker@service.co
Frank,Lee,+1-255-861-5542,bob.johnson@mail.com
Bob,Walker,+1-393-822-9916,bob.walker@service.co
Frank,Lee,+1-506-521-4407,dana.white@test.org
Eve,Walker,+1-385-135-3486,chris.smith@example.com
Chris,White,+1-356-477-1935,dana.anderson@test.org
John,Brown,+1-837-356-5167,john.smith@service.co
Eve,Anderson,+1-676-457-5465,bob.anderson@mail.com
Dana,Lee,+1-578-864-7646,chris.walker@test.org
Frank,Anderson,+1-397-359-1311,chris.smith@example.com
Chris,Johnson,+1-653-240-5892,john.johnson@test.org
Chris,Smith,+1-256-713-2753,frank.smith@example.com
Jane,White,+1-720-551-6584,alice.white@test.org
Jane,Taylor,+1-598-615-2324,john.smith@test.org
Jane,Anderson,+1-609-174-6081,alice.lee@test.org
Jane,Walker,+1-857-942-8274,eve.johnson@mail.com
Chris,Johnson,+1-982-214-8491,john.smith@mail.com
Bob,Walker,+1-746-426-7163,chris.white@service.co
Chris,Smith,+1-393-395-3139,frank.anderson@example.com
Jane,Anderson,+1-300-265-6146,john.brown@service.co
Jane,Walker,+1-714-131-2740,john.white@mail.com
Jane,Walker,+1-734-198-9322,frank.lee@demo.net
Dana,Walker,+1-772-344-1027,frank.anderson@test.org
Chris,Smith,+1-158-789-5767,chris.anderson@demo.net
John,White,+1-318-951-9967,jane.lee@service.co
Alice,Lee,+1-972-477-4583,bob.brown@example.com
Bob,Walker,+1-964-858-9190,jane.taylor@demo.net
Eve,Brown,+1-806-847-7431,jane.walker@demo.net
Jane,Anderson,+1-397-838-5545,dana.taylor@demo.net
John,Taylor,+1-657-411-4169,john.white@test.org
John,Brown,+1-994-436-8417,frank.brown@test.org
Dana,Johnson,+1-588-129-1985,john.lee@test.org
John,Smith,+1-826-268-2553,frank.walker@demo.net
John,Taylor,+1-350-605-1626,eve.johnson@service.co
Bob,Lee,+1-512-915-1068,frank.johnson@mail.com
Bob,Lee,+1-115-423-1957,alice.taylor@mail.com
Chris,Anderson,+1-236-358-2727,jane.johnson@service.co
Dana,Johnson,+1-668-360-8715,frank.johnson@service.co
Frank,Brown,+1-805-119-5768,dana.brown@mail.com
Dana,Smith,+1-896-182-5605,alice.taylor@service.co
Chris,Taylor,+1-741-490-4391,bob.lee@demo.net
Alice,Walker,+1-348-359-4345,bob.anderson@service.co
Frank,Taylor,+1-489-762-4270,alice.white@demo.net
Chris,Walker,+1-885-947-4707,eve.lee@test.org
Alice,Walker,+1-105-172-9015,dana.anderson@demo.net
John,Brown,+1-456-494-7763,john.smith@service.co
Dana,Brown,+1-593-201-2972,chris.brown@demo.net
Alice,Lee,+1-485-155-4361,chris.taylor@test.org
Alice,Taylor,+1-536-640-9537,eve.johnson@demo.net
Alice,Johnson,+1-856-397-8811,bob.anderson@example.com
Alice,White,+1-541-550-6481,frank.taylor@service.co
Eve,Walker,+1-850-749-2293,frank.white@service.co
Bob,Taylor,+1-574-870-2155,frank.lee@test.org
Bob,White,+1-956-330-4067,jane.lee@demo.net
Frank,Lee,+1-574-772-6925,bob.smith@mail.com
Jane,Taylor,+1-204-653-7956,eve.walker@example.com
Frank,Smith,+1-206-361-2979,alice.walker@test.org
John,Smith,+1-898-711-5823,alice.smith@example.com
John,Anderson,+1-740-507-7738,jane.johnson@mail.com
Eve,Lee,+1-144-272-4207,john.smith@service.co
Alice,Walker,+1-698-679-3425,bob.walker@test.org
Alice,Lee,+1-682-482-2254,alice.johnson@mail.com
Alice,Walker,+1-424-480-9139,alice.walker@test.org
Jane,Smith,+1-810-235-5530,bob.walker@example.com
Bob,Smith,+1-568-886-2361,dana.smith@test.org
Alice,Johnson,+1-443-517-4415,frank.walker@demo.net
Alice,Anderson,+1-565-293-4078,bob.smith@example.com
Eve,Johnson,+1-766-319-7670,dana.walker@service.co
Bob,Anderson,+1-777-269-3264,frank.lee@mail.com
Bob,Brown,+1-314-393-2164,bob.walker@example.com
Chris,Johnson,+1-351-103-6361,eve.anderson@mail.com
Frank,White,+1-166-813-2476,alice.lee@demo.net
Frank,White,+1-808-898-8342,frank.brown@demo.net
Eve,Walker,+1-146-461-3927,bob.taylor@example.com
John,Lee,+1-585-298-8821,john.walker@mail.com
Jane,Walker,+1-278-589-3834,john.johnson@demo.net
Chris,Smith,+1-819-860-4985,jane.walker@mail.com
Bob,Walker,+1-468-879-5684,alice.lee@demo.net
John,Anderson,+1-166-712-4807,eve.anderson@test.org
Dana,Brown,+1-442-674-3499,john.lee@example.com
Frank,Anderson,+1-301-738-9278,jane.lee@service.co
Dana,Smith,+1-204-724-6005,bob.taylor@example.com
John,Brown,+1-267-557-2393,jane.taylor@service.co
John,Walker,+1-597-545-3327,frank.white@example.com
Eve,Brown,+1-511-428-8799,bob.walker@demo.net
Bob,White,+1-442-624-2366,frank.taylor@test.org
Alice,Lee,+1-865-966-4082,bob.smith@demo.net
Frank,Anderson,+1-210-443-7053,frank.white@test.org
Dana,Taylor,+1-353-576-3823,alice.smith@test.org
Bob,Walker,+1-625-101-3009,bob.walker@demo.net
John,Walker,+1-178-924-8222,john.anderson@example.com
Chris,Anderson,+1-733-482-8983,john.anderson@service.co
Eve,Anderson,+1-559-276-7917,bob.lee@demo.net
Bob,Anderson,+1-294-942-9941,eve.lee@test.org
Jane,Brown,+1-872-365-5784,chris.taylor@example.com
Dana,Brown,+1-594-595-3980,chris.johnson@demo.net
Alice,Taylor,+1-212-225-1987,eve.brown@test.org
Eve,Brown,+1-789-216-1173,dana.johnson@service.co
Chris,Walker,+1-350-993-9624,bob.brown@example.com
Eve,Anderson,+1-699-487-6269,dana.taylor@demo.net
Chris,Smith,+1-239-861-1141,jane.walker@example.com
Dana,Taylor,+1-957-246-3308,alice.lee@demo.net
Frank,Anderson,+1-212-586-1246,bob.johnson@mail.com
Dana,Johnson,+1-217-173-3968,frank.lee@demo.net
Bob,White,+1-390-879-4506,dana.smith@mail.com
Jane,Taylor,+1-596-531-4391,jane.white@test.org
Jane,Lee,+1-385-935-1419,chris.lee@example.com
Frank,Anderson,+1-491-680-7311,chris.lee@service.co
Frank,Anderson,+1-812-941-3172,frank.walker@service.co
Alice,Taylor,+1-629-531-9602,alice.johnson@mail.com
Alice,Brown,+1-887-552-8833,jane.smith@mail.com
Chris,Smith,+1-469-669-5472,john.anderson@example.com
John,Taylor,+1-900-875-5398,bob.smith@example.com
Eve,Walker,+1-721-760-3412,eve.taylor@test.org
Frank,Walker,+1-860-695-8890,dana.white@demo.net
John,White,+1-114-425-5598,eve.smith@mail.com
Eve,Anderson,+1-910-941-8092,chris.white@service.co
John,Johnson,+1-752-121-3593,dana.johnson@demo.net
Dana,Smith,+1-808-476-1870,frank.anderson@example.com
Dana,Anderson,+1-997-813-9449,dana.lee@mail.com
Alice,Taylor,+1-200-833-8305,frank.taylor@service.co
Chris,Johnson,+1-531-998-3502,bob.smith@service.co
Bob,Taylor,+1-878-936-8566,bob.taylor@demo.net
John,Brown,+1-694-930-8273,alice.smith@example.com
Bob,White,+1-191-371-1568,alice.white@demo.net
Bob,Anderson,+1-912-151-8953,bob.walker@demo.net
John,Walker,+1-141-790-6437,bob.brown@demo.net
Alice,Anderson,+1-702-396-4372,bob.taylor@service.co
Alice,Smith,+1-115-699-2699,eve.walker@demo.net
Alice,Johnson,+1-206-116-3429,chris.brown@example.com
Alice,Brown,+1-611-317-4834,jane.taylor@service.co
Bob,Smith,+1-440-403-7903,dana.anderson@service.co
John,Brown,+1-382-608-6684,bob.anderson@example.com
Frank,Taylor,+1-749-471-3605,dana.lee@example.com
Jane,Walker,+1-427-719-2084,alice.walker@example.com
Bob,Smith,+1-688-266-2540,eve.taylor@demo.net
Jane,Brown,+1-928-599-1692,alice.smith@example.com
Jane,Taylor,+1-293-122-2752,dana.lee@test.org
Jane,Johnson,+1-777-480-7740,frank.white@mail.com
Dana,Smith,+1-343-874-7058,eve.lee@demo.net
Bob,Anderson,+1-407-939-4928,john.brown@mail.com
Jane,Walker,+1-129-289-9929,frank.smith@mail.com
Frank,Taylor,+1-670-213-4768,dana.anderson@demo.net
Jane,Brown,+1-120-354-2212,john.white@mail.com
Alice,Johnson,+1-976-305-1084,frank.taylor@demo.net
John,Brown,+1-382-113-9967,eve.taylor@service.co
Alice,Smith,+1-739-681-3649,john.smith@demo.net
John,Lee,+1-343-306-1514,eve.brown@test.org
Frank,Anderson,+1-268-477-6220,frank.white@demo.net
John,White,+1-975-150-9228,bob.taylor@demo.net
Dana,Smith,+1-913-445-7427,bob.white@test.org
Chris,Taylor,+1-855-550-7269,chris.brown@mail.com
Alice,Brown,+1-553-782-3942,bob.johnson@demo.net
Alice,Walker,+1-578-796-5685,bob.johnson@demo.net
Chris,Brown,+1-362-256-5683,john.taylor@example.com
Frank,Brown,+1-667-362-8250,dana.white@demo.net
Bob,Brown,+1-105-301-7768,bob.anderson@example.com
Dana,Lee,+1-657-321-2975,alice.johnson@example.com
John,Anderson,+1-557-196-2894,chris.taylor@example.com
Frank,Taylor,+1-626-274-8786,jane.walker@example.com
Frank,White,+1-331-108-5862,bob.white@service.co
Alice,Anderson,+1-879-667-3708,frank.lee@mail.com
Dana,Johnson,+1-545-355-9272,chris.smith@service.co
Frank,White,+1-923-319-7655,dana.brown@demo.net
Alice,Brown,+1-537-510-5908,chris.walker@service.co
Chris,Brown,+1-315-662-4029,alice.lee@example.com
Frank,Johnson,+1-273-798-6648,dana.anderson@example.com
Frank,Smith,+1-643-792-4522,jane.johnson@service.co
Bob,Taylor,+1-580-476-4088,bob.johnson@test.org
Dana,Lee,+1-169-383-5089,dana.smith@mail.com
Alice,Taylor,+1-561-258-5652,john.white@service.co
Alice,Walker,+1-163-365-9887,jane.johnson@example.com
Frank,White,+1-360-135-2129,john.brown@example.com
John,Johnson,+1-179-437-8434,jane.lee@demo.net
Bob,Brown,+1-228-590-7103,bob.walker@mail.com
Eve,Taylor,+1-671-189-2715,john.walker@demo.net
Dana,Smith,+1-954-246-6264,chris.anderson@mail.com
Bob,Lee,+1-398-198-7546,frank.smith@demo.net
Bob,White,+1-376-961-4058,alice.brown@example.com
Dana,White,+1-901-815-5258,chris.anderson@test.org
Jane,White,+1-338-987-4630,frank.smith@example.com
Dana,Anderson,+1-548-609-5634,john.anderson@test.org
Jane,Lee,+1-152-937-2666,alice.taylor@demo.net
John,White,+1-145-630-4212,eve.johnson@example.com
Bob,Taylor,+1-738-341-5385,frank.walker@service.co
Dana,Smith,+1-161-372-5755,bob.lee@example.com
Eve,Lee,+1-757-681-5478,john.brown@service.co
Dana,Walker,+1-220-565-2188,eve.brown@example.com
Jane,White,+1-278-534-1532,john.johnson@service.co
Alice,White,+1-945-121-7978,bob.lee@test.org
Eve,Smith,+1-921-298-1737,eve.lee@example.com
John,Brown,+1-331-399-8711,chris.brown@demo.net
Jane,White,+1-456-834-6044,jane.walker@example.com
Alice,Anderson,+1-240-583-1883,frank.anderson@example.com
John,White,+1-812-357-9302,frank.brown@mail.com
Jane,White,+1-713-347-8269,chris.taylor@mail.com
Eve,Taylor,+1-434-624-4152,eve.walker@mail.com
Chris,Johnson,+1-678-153-8095,john.brown@example.com
Chris,Johnson,+1-995-432-6072,frank.white@test.org
Dana,Lee,+1-805-471-6722,eve.lee@example.com
Bob,Lee,+1-585-938-8864,alice.walker@mail.com
Jane,Brown,+1-922-934-4547,bob.anderson@service.co
Bob,Taylor,+1-312-579-4255,chris.anderson@example.com
Frank,Anderson,+1-826-360-7981,jane.anderson@demo.net
Frank,Johnson,+1-671-818-2954,jane.brown@mail.com
Eve,Johnson,+1-495-654-4992,chris.lee@example.com
Chris,Walker,+1-604-584-4119,bob.walker@service.co
Eve,Walker,+1-673-205-9386,eve.white@demo.net
Dana,White,+1-376-746-6639,dana.lee@mail.com
Frank,Brown,+1-510-482-2262,dana.lee@mail.com
Dana,Smith,+1-418-434-4442,bob.lee@example.com
Chris,Smith,+1-208-542-5855,eve.smith@test.org
Frank,Taylor,+1-553-431-4970,frank.white@demo.net
Chris,Smith,+1-932-572-6198,jane.johnson@demo.net
Jane,Johnson,+1-410-625-9041,chris.taylor@demo.net
Bob,Taylor,+1-350-971-5745,chris.brown@service.co
Frank,Johnson,+1-393-172-3529,john.white@demo.net
Alice,White,+1-902-948-6055,bob.taylor@demo.net
John,Johnson,+1-903-417-9218,eve.walker@mail.com
Alice,Brown,+1-242-610-4118,john.lee@test.org
Dana,Taylor,+1-114-589-1084,john.johnson@mail.com
Chris,Johnson,+1-907-694-1251,eve.taylor@test.org
Chris,Brown,+1-705-993-1280,eve.walker@demo.net
Jane,Brown,+1-501-855-6300,jane.anderson@demo.net
Dana,Anderson,+1-549-821-1514,chris.lee@test.org
Chris,Johnson,+1-240-974-8796,dana.johnson@mail.com
Bob,Lee,+1-627-805-7104,john.anderson@example.com
Eve,Lee,+1-496-816-1255,dana.walker@service.co
Bob,Johnson,+1-125-472-5436,jane.anderson@demo.net
Bob,Smith,+1-244-484-4111,frank.walker@test.org
John,White,+1-229-565-6732,chris.lee@example.com
Alice,Walker,+1-785-433-4019,alice.walker@service.co
Frank,White,+1-344-535-7474,frank.johnson@test.org
Chris,Smith,+1-544-752-2335,bob.smith@example.com
Bob,Smith,+1-269-613-2496,frank.johnson@test.org
Eve,Lee,+1-721-670-8090,alice.anderson@service.co
Frank,Johnson,+1-183-417-1232,jane.johnson@demo.net
Eve,Taylor,+1-163-308-3471,eve.johnson@demo.net
Chris,Johnson,+1-299-445-5521,john.smith@mail.com
John,Johnson,+1-747-810-1177,frank.taylor@mail.com
Dana,Lee,+1-505-128-4142,dana.anderson@mail.com
Alice,Smith,+1-292-866-6086,chris.johnson@service.co
John,Johnson,+1-929-289-2170,eve.taylor@demo.net
Chris,White,+1-681-715-4764,frank.brown@demo.net
Dana,Brown,+1-709-109-4651,eve.anderson@demo.net
Frank,Brown,+1-356-750-5619,jane.white@example.com
Dana,Smith,+1-139-909-3793,john.taylor@service.co
Bob,Smith,+1-190-308-8032,frank.brown@demo.net
Jane,Walker,+1-436-702-8887,dana.brown@mail.com
Jane,Anderson,+1-721-655-4377,eve.brown@example.com
Jane,Lee,+1-956-464-9444,john.anderson@mail.com
Bob,Johnson,+1-298-908-4292,chris.anderson@demo.net
Frank,Walker,+1-455-967-8657,john.brown@service.co
Chris,Smith,+1-681-289-5136,chris.johnson@example.com
Dana,Smith,+1-773-281-3528,john.lee@example.com
John,Brown,+1-799-436-5601,bob.brown@mail.com
Alice,Smith,+1-192-664-1766,jane.lee@mail.com
Eve,Walker,+1-424-737-5736,chris.walker@test.org
Frank,Anderson,+1-786-523-1228,chris.smith@demo.net
Frank,Smith,+1-203-647-4050,frank.white@service.co
Frank,Brown,+1-148-505-9110,chris.taylor@demo.net
Dana,White,+1-436-177-2340,john.johnson@service.co
Jane,Brown,+1-339-323-6126,dana.white@test.org
Jane,Brown,+1-210-191-8503,eve.taylor@demo.net
Bob,Lee,+1-859-120-4329,alice.brown@test.org
Frank,Anderson,+1-853-736-4409,alice.walker@demo.net
Jane,Taylor,+1-620-797-1120,bob.smith@example.com
Jane,Walker,+1-757-107-1054,alice.taylor@example.com
Eve,Taylor,+1-235-446-9780,eve.walker@test.org
Frank,Taylor,+1-590-156-2090,alice.johnson@test.org
Jane,Walker,+1-387-335-6818,bob.walker@example.com
Chris,Walker,+1-450-139-9812,dana.johnson@service.co
John,White,+1-870-379-7622,chris.anderson@test.org
Eve,Smith,+1-160-581-5051,eve.johnson@example.com
John,Smith,+1-847-215-5406,alice.taylor@mail.com
Bob,Smith,+1-619-639-2565,frank.brown@demo.net
John,Taylor,+1-409-619-2593,alice.white@service.co
Jane,Lee,+1-409-524-2866,eve.brown@service.co
Chris,Walker,+1-310-916-2549,frank.lee@service.co
Dana,Taylor,+1-786-433-2668,frank.lee@service.co
Frank,Walker,+1-529-465-1283,john.lee@demo.net
Jane,Taylor,+1-480-204-2626,frank.lee@test.org
Dana,Brown,+1-231-450-3668,dana.anderson@test.org
Frank,Johnson,+1-644-688-7452,eve.walker@service.co
Jane,Johnson,+1-406-660-4164,dana.taylor@demo.net
Eve,Taylor,+1-741-796-1953,eve.brown@service.co
John,Smith,+1-198-868-6015,john.smith@test.org
Bob,Lee,+1-600-566-1645,eve.smith@test.org
Eve,Johnson,+1-361-797-4203,bob.taylor@demo.net
John,Johnson,+1-103-452-7716,chris.brown@test.org
Chris,Brown,+1-447-580-1136,john.lee@example.com
Dana,Smith,+1-218-101-8425,jane.taylor@service.co
Chris,Brown,+1-917-438-8035,alice.lee@example.com
Chris,Smith,+1-891-139-2763,chris.white@mail.com
Chris,White,+1-205-613-2015,alice.taylor@service.co
Bob,Brown,+1-868-261-3122,bob.walker@demo.net
Frank,White,+1-216-402-8673,chris.smith@mail.com
Frank,White,+1-132-215-7030,frank.smith@mail.com
Chris,Brown,+1-207-551-4098,bob.brown@demo.net
Chris,Brown,+1-160-932-1415,alice.white@test.org
Dana,Anderson,+1-567-212-2083,alice.white@example.com
Eve,Taylor,+1-261-217-9886,eve.johnson@service.co
John,Brown,+1-198-898-5340,john.anderson@service.co
John,White,+1-264-942-8503,alice.taylor@demo.net
Chris,Walker,+1-720-470-5132,dana.lee@mail.com
Dana,Lee,+1-906-751-7587,alice.smith@example.com
Bob,Smith,+1-780-192-3904,jane.johnson@service.co
Frank,Johnson,+1-135-899-7000,eve.anderson@test.org
Jane,Walker,+1-728-136-7110,frank.walker@mail.com
Bob,Taylor,+1-504-768-2714,jane.taylor@service.co
Eve,Taylor,+1-191-187-7815,jane.walker@example.com
Alice,Brown,+1-725-421-9351,john.johnson@test.org
Alice,Smith,+1-168-595-9680,alice.brown@example.com
Frank,Lee,+1-387-770-4063,dana.walker@test.org
Alice,Anderson,+1-257-197-7010,jane.brown@mail.com
John,Johnson,+1-532-331-1244,alice.taylor@example.com
Eve,Anderson,+1-519-138-8556,eve.anderson@demo.net
Jane,Lee,+1-469-826-8628,bob.walker@mail.com
Chris,Anderson,+1-673-219-7861,bob.anderson@example.com
Eve,Anderson,+1-656-647-4600,chris.johnson@demo.net
Bob,Brown,+1-175-465-6438,jane.smith@example.com
Frank,Walker,+1-570-729-9852,jane.johnson@service.co
Dana,Anderson,+1-942-522-8785,frank.brown@service.co
Jane,Anderson,+1-228-565-2138,jane.lee@demo.net
Jane,Smith,+1-416-160-5345,alice.brown@mail.com
John,Anderson,+1-768-442-2007,bob.lee@example.com
Chris,White,+1-547-635-7902,john.smith@service.co
Chris,Lee,+1-793-161-8203,dana.walker@example.com
Dana,Smith,+1-268-366-9691,jane.taylor@test.org
Bob,Walker,+1-662-986-1992,bob.taylor@example.com
Chris,Taylor,+1-974-721-6409,frank.lee@example.com
Jane,Anderson,+1-671-689-6645,jane.anderson@example.com
Dana,White,+1-957-872-7691,john.smith@test.org
Chris,Anderson,+1-483-483-5725,bob.walker@mail.com
Bob,Johnson,+1-424-249-2604,chris.anderson@test.org
Bob,White,+1-670-987-8458,dana.taylor@service.co
Alice,Smith,+1-247-392-4942,john.white@demo.net
Chris,Johnson,+1-379-367-9548,chris.johnson@service.co
Jane,Walker,+1-821-312-7562,frank.johnson@example.com
Frank,Walker,+1-267-626-3707,chris.taylor@demo.net
Eve,Brown,+1-203-978-1416,dana.white@demo.net
Dana,Smith,+1-552-164-8040,alice.walker@mail.com
Chris,Anderson,+1-852-396-5519,jane.anderson@example.com
Chris,Anderson,+1-198-145-7330,chris.white@service.co
Bob,Brown,+1-922-160-6246,dana.smith@example.com
Jane,Smith,+1-508-260-9447,john.taylor@mail.com
Alice,Walker,+1-915-791-2872,eve.taylor@example.com
Bob,Lee,+1-530-418-8139,bob.anderson@example.com
Chris,Walker,+1-985-222-8255,jane.lee@test.org
Eve,Anderson,+1-830-811-5675,eve.smith@mail.com
Frank,Brown,+1-994-745-2262,john.white@example.com
Alice,Walker,+1-655-744-4850,jane.smith@service.co
Jane,Walker,+1-629-769-9754,john.walker@service.co
Dana,Brown,+1-166-201-5469,jane.johnson@demo.net
Bob,Taylor,+1-700-303-5422,frank.brown@mail.com
Jane,Walker,+1-134-612-8394,dana.smith@example.com
Alice,Walker,+1-864-662-3239,alice.smith@demo.net
Bob,Anderson,+1-754-241-9852,eve.taylor@mail.com
Alice,Smith,+1-341-724-5026,chris.smith@demo.net
Frank,Smith,+1-196-116-2056,jane.smith@service.co
Jane,Taylor,+1-377-922-5853,john.anderson@test.org
Frank,Brown,+1-154-338-6947,alice.smith@demo.net
Alice,Smith,+1-601-204-8989,chris.anderson@mail.com
Chris,Johnson,+1-749-814-8416,bob.walker@mail.com
Frank,White,+1-461-228-8097,bob.smith@service.co
Frank,Taylor,+1-556-636-2386,alice.lee@service.co
Frank,White,+1-695-664-7945,jane.taylor@mail.com
Jane,Smith,+1-467-243-5047,frank.walker@test.org
Bob,Taylor,+1-403-687-5414,jane.white@example.com
Bob,Brown,+1-276-183-8911,eve.smith@example.com
Alice,Smith,+1-838-347-5223,eve.taylor@example.com
Bob,Brown,+1-612-904-7741,eve.smith@service.co
Dana,White,+1-783-915-8022,eve.brown@example.com
Dana,Smith,+1-403-610-5568,dana.johnson@service.co
Jane,Taylor,+1-621-751-7629,frank.taylor@test.org
Alice,Johnson,+1-321-742-6081,dana.anderson@example.com
Frank,Anderson,+1-387-387-7207,alice.white@mail.com
Jane,Walker,+1-911-944-3071,john.walker@example.com
Eve,Smith,+1-136-682-4930,frank.white@example.com
Chris,White,+1-329-307-8871,alice.walker@demo.net
Chris,Johnson,+1-813-775-3528,dana.lee@demo.net
Eve,Walker,+1-506-815-3038,dana.lee@test.org
Jane,Anderson,+1-963-874-9881,alice.lee@example.com
Alice,Johnson,+1-272-638-5999,jane.walker@service.co
Eve,Smith,+1-921-624-9965,jane.lee@example.com
Eve,Brown,+1-238-891-1453,jane.walker@example.com
Chris,Taylor,+1-984-680-1920,jane.smith@demo.net
Bob,Smith,+1-429-776-1713,frank.taylor@mail.com
Bob,Lee,+1-895-171-5298,john.lee@test.org
Eve,White,+1-188-408-6156,frank.smith@mail.com
Eve,Anderson,+1-669-915-9975,chris.johnson@example.com
John,Walker,+1-870-578-3803,bob.anderson@service.co
Bob,White,+1-444-595-4233,john.walker@mail.com
Dana,Smith,+1-651-453-4820,john.taylor@demo.net
Eve,Brown,+1-577-352-2456,bob.brown@service.co
John,Smith,+1-623-735-1647,john.brown@example.com
Chris,Brown,+1-684-159-9126,eve.johnson@demo.net
Dana,Johnson,+1-492-934-2664,frank.taylor@service.co
John,Walker,+1-943-456-2713,alice.lee@test.org
Jane,Smith,+1-762-411-6344,dana.lee@test.org
Frank,Johnson,+1-815-632-5015,john.walker@service.co
John,Brown,+1-818-320-9916,chris.smith@mail.com
John,Johnson,+1-337-837-6952,chris.smith@service.co
Alice,Johnson,+1-299-227-5303,frank.anderson@mail.com
Eve,White,+1-855-439-2133,alice.johnson@demo.net
Chris,White,+1-486-702-6399,jane.brown@example.com
Chris,Walker,+1-908-812-8692,chris.white@test.org
Dana,Walker,+1-656-512-8590,jane.anderson@example.com
John,Walker,+1-129-316-1594,eve.brown@test.org
Jane,Walker,+1-301-234-2311,jane.brown@test.org
Eve,Lee,+1-725-310-7729,john.lee@demo.net
Chris,Taylor,+1-527-711-3509,frank.taylor@service.co
Bob,White,+1-906-689-6760,chris.lee@mail.com
Chris,Johnson,+1-686-655-9197,bob.white@example.com
Jane,Lee,+1-227-985-1267,frank.lee@mail.com
Alice,Anderson,+1-944-139-3284,dana.walker@mail.com
John,Smith,+1-113-919-4410,dana.brown@test.org
Eve,Walker,+1-749-594-1685,john.brown@test.org
John,White,+1-590-319-5738,chris.anderson@service.co
Dana,Taylor,+1-899-552-7915,dana.taylor@service.co
Alice,Lee,+1-346-404-3890,eve.white@mail.com
Bob,Walker,+1-608-566-8681,jane.taylor@example.com
Chris,Anderson,+1-715-432-2478,bob.brown@mail.com
Chris,Taylor,+1-665-715-9904,alice.taylor@mail.com
Chris,White,+1-440-284-3160,jane.smith@service.co
Eve,White,+1-830-586-3144,john.lee@example.com
Jane,Johnson,+1-909-888-4160,dana.brown@test.org
Dana,Anderson,+1-684-141-1322,john.walker@mail.com
Eve,Taylor,+1-973-958-6125,john.walker@service.co
Alice,White,+1-240-358-4216,frank.johnson@demo.net
Bob,Walker,+1-831-249-6645,bob.brown@demo.net
Dana,Smith,+1-784-148-6226,chris.white@test.org
Jane,Johnson,+1-405-111-3269,john.smith@example.com
Jane,Brown,+1-951-172-9058,alice.brown@mail.com
Frank,Lee,+1-988-860-3132,chris.taylor@example.com
Chris,White,+1-305-122-4116,eve.johnson@mail.com
Alice,Lee,+1-197-270-4770,eve.anderson@test.org
Frank,Smith,+1-131-342-1939,dana.walker@mail.com
Frank,Anderson,+1-293-806-1206,frank.johnson@demo.net
Bob,Brown,+1-608-977-3296,chris.taylor@service.co
Jane,Walker,+1-524-359-3108,dana.brown@demo.net
Chris,Walker,+1-368-436-6552,eve.smith@service.co
Bob,Anderson,+1-613-135-8097,eve.lee@example.com
John,Johnson,+1-821-794-8394,chris.brown@test.org
Dana,Taylor,+1-694-125-5112,frank.taylor@test.org
Eve,Smith,+1-650-504-7445,dana.anderson@example.com
Jane,Johnson,+1-759-678-9691,frank.brown@demo.net
Eve,Walker,+1-513-362-8439,jane.johnson@service.co
John,Johnson,+1-170-768-4097,john.taylor@test.org
Bob,Johnson,+1-994-579-6237,eve.white@service.co
Dana,Smith,+1-491-812-3829,bob.walker@demo.net
Bob,Taylor,+1-700-585-4799,frank.taylor@service.co
Frank,Brown,+1-691-361-9847,eve.smith@example.com
Eve,Smith,+1-558-464-1955,eve.walker@mail.com
John,White,+1-474-877-7000,frank.walker@service.co
Frank,Anderson,+1-964-100-6719,chris.brown@mail.com
Alice,Walker,+1-666-901-9538,jane.johnson@example.com
Dana,Taylor,+1-265-277-9921,john.taylor@test.org
Bob,Smith,+1-454-117-4021,jane.lee@mail.com
Eve,Anderson,+1-815-483-8342,alice.white@test.org
Eve,White,+1-279-352-9518,eve.taylor@demo.net
Bob,White,+1-666-953-7222,alice.anderson@mail.com
Frank,Brown,+1-528-495-8802,frank.white@example.com
Chris,White,+1-800-824-6496,eve.taylor@test.org
Frank,Taylor,+1-875-519-7928,eve.brown@test.org
Eve,Johnson,+1-695-990-9544,bob.taylor@service.co
John,Walker,+1-714-717-2425,john.smith@demo.net
John,Lee,+1-335-954-6559,frank.white@test.org
John,White,+1-873-322-8873,jane.brown@service.co
Eve,Walker,+1-658-982-4688,john.walker@test.org
Chris,White,+1-369-473-3902,alice.taylor@service.co
Chris,Lee,+1-843-248-4238,alice.smith@example.com
Alice,Johnson,+1-134-953-7789,jane.white@mail.com
Chris,White,+1-482-109-8793,dana.brown@service.co
Dana,Smith,+1-399-205-7032,bob.smith@test.org
Alice,Taylor,+1-451-530-8614,frank.anderson@demo.net
Alice,Taylor,+1-895-195-8365,alice.johnson@demo.net
Bob,Brown,+1-663-875-7738,dana.lee@demo.net
Dana,Walker,+1-944-114-2014,bob.lee@demo.net
Bob,Johnson,+1-706-682-2328,eve.lee@demo.net
John,Smith,+1-270-298-4082,chris.taylor@demo.net
Dana,Anderson,+1-500-294-1545,alice.taylor@example.com
John,Taylor,+1-323-561-8920,chris.walker@service.co
John,Taylor,+1-409-514-1663,alice.taylor@demo.net
Bob,Lee,+1-221-526-3185,john.taylor@test.org
John,Lee,+1-848-217-6843,frank.walker@mail.com
Frank,Taylor,+1-336-477-1562,chris.smith@service.co
Chris,Taylor,+1-805-108-3132,alice.walker@demo.net
Chris,Anderson,+1-166-640-1887,bob.white@mail.com
Chris,Smith,+1-184-725-7230,john.white@example.com
Eve,Anderson,+1-319-658-6050,chris.lee@mail.com
Jane,White,+1-267-503-1401,dana.smith@example.com
Alice,Taylor,+1-137-354-7373,chris.smith@mail.com
Bob,White,+1-670-980-6688,dana.anderson@demo.net
Jane,White,+1-136-927-8676,eve.brown@example.com
Alice,Johnson,+1-693-408-8638,frank.lee@service.co
Frank,Lee,+1-792-228-2001,eve.anderson@test.org
Dana,Walker,+1-311-552-5608,frank.white@test.org
Chris,White,+1-954-456-3032,chris.anderson@service.co
Jane,Taylor,+1-471-433-6877,chris.taylor@test.org
Frank,White,+1-289-886-7590,alice.lee@example.com
Dana,Walker,+1-462-898-9513,alice.johnson@service.co
Frank,Taylor,+1-214-647-7345,alice.lee@test.org
Bob,Lee,+1-326-824-8987,chris.white@mail.com
Eve,Johnson,+1-338-267-1783,eve.anderson@demo.net
Bob,Lee,+1-605-718-7970,alice.anderson@test.org
Jane,Lee,+1-290-251-8460,alice.brown@test.org
Jane,Brown,+1-125-994-2985,alice.lee@service.co
Bob,Anderson,+1-817-560-7837,jane.brown@test.org
Jane,Smith,+1-197-969-5962,bob.smith@test.org
Jane,Lee,+1-346-422-3833,frank.smith@test.org
Dana,Brown,+1-565-937-9049,chris.brown@service.co
Bob,Brown,+1-240-175-1446,john.lee@demo.net
Frank,Lee,+1-132-519-8070,jane.johnson@service.co
Dana,Walker,+1-340-264-6650,dana.walker@service.co
Dana,Anderson,+1-563-702-2824,eve.johnson@mail.com
Eve,White,+1-189-583-3854,frank.anderson@test.org
Chris,Walker,+1-174-511-2196,jane.white@mail.com
Frank,Taylor,+1-451-735-5641,dana.brown@test.org
Chris,Smith,+1-382-211-7609,bob.johnson@example.com
John,Taylor,+1-151-859-5467,john.white@mail.com
Eve,White,+1-976-723-1152,dana.smith@mail.com
Alice,Walker,+1-212-566-5295,chris.walker@test.org
Chris,Taylor,+1-385-211-6019,frank.smith@example.com
Dana,Smith,+1-598-209-6827,chris.smith@mail.com
Jane,Johnson,+1-812-165-6297,chris.lee@demo.net
Chris,Lee,+1-789-270-9629,john.johnson@mail.com
John,Johnson,+1-208-145-8761,eve.smith@example.com
Chris,Brown,+1-756-867-1679,dana.smith@example.com
Alice,White,+1-264-692-6481,chris.brown@test.org
Bob,Anderson,+1-576-699-4469,frank.brown@mail.com
Chris,Johnson,+1-961-458-4506,jane.white@demo.net
Frank,Lee,+1-863-907-8071,jane.walker@example.com
Frank,White,+1-794-545-2605,chris.lee@demo.net
Chris,Taylor,+1-563-277-2472,frank.lee@service.co
Eve,Brown,+1-291-922-7764,frank.smith@service.co
Jane,White,+1-613-193-3295,john.white@mail.com
Jane,Johnson,+1-251-842-2211,eve.smith@service.co
John,Lee,+1-758-546-3359,eve.johnson@demo.net
Eve,Brown,+1-348-777-8662,chris.walker@demo.net
Eve,Johnson,+1-773-857-5629,frank.johnson@test.org
John,Anderson,+1-968-913-6387,chris.brown@mail.com
Eve,Walker,+1-618-466-3020,chris.smith@test.org
Chris,Lee,+1-125-909-4959,eve.white@service.co
Dana,Walker,+1-494-650-8608,frank.johnson@mail.com
Bob,Anderson,+1-142-944-6576,dana.brown@mail.com
Eve,Anderson,+1-375-949-8370,dana.smith@mail.com
Dana,Johnson,+1-851-242-1193,dana.anderson@example.com
Alice,Taylor,+1-800-691-8547,eve.taylor@test.org
Jane,Taylor,+1-806-727-2652,eve.brown@demo.net
Bob,Brown,+1-244-952-7047,eve.brown@service.co
Chris,Brown,+1-760-389-5240,chris.smith@mail.com
Eve,Johnson,+1-828-600-9147,eve.anderson@service.co
Dana,Johnson,+1-638-459-6051,john.smith@mail.com
John,Taylor,+1-614-809-5863,eve.lee@mail.com
Bob,Johnson,+1-724-819-7991,eve.taylor@service.co
Jane,Smith,+1-385-343-9565,frank.walker@example.com
Frank,White,+1-829-421-7607,alice.walker@test.org
Jane,Johnson,+1-947-176-9468,chris.smith@demo.net
Dana,Brown,+1-974-481-2954,dana.johnson@demo.net
Bob,Walker,+1-766-523-6690,bob.lee@example.com
John,Anderson,+1-562-225-9279,jane.smith@demo.net
John,Lee,+1-996-300-2882,alice.taylor@demo.net
Frank,Anderson,+1-878-641-2980,chris.anderson@demo.net
Alice,Anderson,+1-796-110-3522,eve.brown@service.co
Eve,Johnson,+1-104-304-6513,eve.taylor@test.org
Dana,Taylor,+1-301-178-4543,bob.brown@demo.net
Jane,Anderson,+1-520-269-3863,dana.lee@demo.net
Chris,Smith,+1-592-366-4296,chris.taylor@service.co
John,White,+1-159-478-1645,frank.white@service.co
Alice,Walker,+1-433-746-5066,dana.lee@service.co
Alice,Brown,+1-715-672-1360,frank.brown@test.org
Chris,Walker,+1-207-748-6015,john.brown@example.com
Dana,Brown,+1-538-912-2813,jane.johnson@service.co
Eve,Brown,+1-434-146-8277,john.johnson@service.co
Eve,Smith,+1-858-904-6210,chris.smith@service.co
Jane,Lee,+1-541-929-1232,frank.brown@test.org
Bob,Smith,+1-379-689-9961,chris.smith@service.co
Dana,Taylor,+1-918-250-8418,john.johnson@example.com
Alice,Johnson,+1-805-645-5280,dana.anderson@mail.com
Alice,Taylor,+1-635-268-2514,eve.smith@example.com
Frank,Anderson,+1-567-188-6369,john.johnson@demo.net
Chris,Brown,+1-977-631-4134,eve.anderson@example.com
Chris,Johnson,+1-263-826-3367,eve.smith@mail.com
Bob,Brown,+1-267-129-3141,chris.smith@test.org
Eve,Lee,+1-378-170-7298,frank.white@service.co
Dana,Brown,+1-740-607-1766,bob.taylor@service.co
Bob,Walker,+1-329-311-5352,eve.lee@test.org
Chris,Walker,+1-882-735-8377,bob.anderson@example.com
Bob,Smith,+1-699-884-9796,frank.white@mail.com
Jane,Taylor,+1-387-252-1907,john.anderson@test.org
Chris,Taylor,+1-143-220-1553,jane.walker@mail.com
Jane,White,+1-741-367-3624,chris.brown@service.co
Dana,Smith,+1-310-421-2827,alice.anderson@mail.com
Chris,White,+1-369-335-1610,john.walker@mail.com
Jane,Brown,+1-295-365-1866,john.brown@example.com
Alice,Taylor,+1-306-961-4503,dana.brown@service.co
Frank,Lee,+1-993-316-3902,chris.anderson@example.com
Eve,Smith,+1-619-353-7416,alice.lee@demo.net
Jane,Anderson,+1-385-158-1935,alice.taylor@test.org
Dana,White,+1-256-906-6757,bob.anderson@test.org
John,Johnson,+1-344-688-4240,bob.johnson@mail.com
Dana,Taylor,+1-758-525-8576,chris.smith@service.co
Dana,Smith,+1-541-707-8804,eve.brown@test.org
Jane,Taylor,+1-358-853-9480,frank.anderson@service.co
Jane,Taylor,+1-554-291-3222,alice.walker@mail.com
Dana,Brown,+1-670-838-6026,alice.anderson@service.co
Bob,Taylor,+1-165-381-3600,jane.walker@service.co
Jane,White,+1-201-239-7595,dana.smith@test.org
Dana,Lee,+1-458-250-6472,eve.smith@demo.net
Chris,Johnson,+1-276-925-2638,eve.lee@test.org
Eve,Johnson,+1-594-895-2124,bob.smith@test.org
Bob,Johnson,+1-900-639-7889,chris.johnson@test.org
Dana,White,+1-726-542-5735,alice.johnson@service.co
Jane,Smith,+1-943-293-9789,eve.white@example.com
Eve,Taylor,+1-949-325-6121,dana.lee@mail.com
Bob,Johnson,+1-274-617-8730,jane.johnson@test.org
Dana,White,+1-575-128-8591,chris.taylor@test.org
Frank,Brown,+1-226-131-3944,john.anderson@mail.com
Eve,Johnson,+1-271-259-2139,bob.smith@example.com
Dana,Smith,+1-148-206-1312,frank.lee@test.org
John,Smith,+1-907-169-3321,bob.white@test.org
Alice,Walker,+1-712-970-4996,eve.walker@mail.com
Chris,Anderson,+1-381-216-6485,jane.johnson@service.co
Bob,Taylor,+1-619-579-2804,dana.brown@test.org
John,Lee,+1-228-843-3335,jane.lee@service.co
Eve,Anderson,+1-575-226-8233,frank.walker@service.co
Eve,Taylor,+1-816-437-2891,john.taylor@example.com
Dana,Taylor,+1-582-273-1461,bob.smith@example.com
Chris,Brown,+1-310-855-1111,frank.smith@example.com
John,White,+1-132-400-3677,chris.walker@example.com
Frank,White,+1-768-643-3526,dana.smith@example.com
Alice,White,+1-511-624-2235,dana.white@demo.net
Alice,Walker,+1-476-681-1876,chris.taylor@example.com
Chris,Smith,+1-133-240-1072,john.walker@test.org
Bob,Johnson,+1-982-244-5453,bob.taylor@mail.com
Dana,White,+1-104-618-2402,jane.brown@service.co
John,Smith,+1-790-301-6434,frank.johnson@example.com
Dana,White,+1-857-906-3144,john.lee@example.com
Frank,Anderson,+1-130-938-7790,chris.taylor@demo.net
Jane,Smith,+1-867-183-7114,eve.johnson@test.org
Bob,Taylor,+1-186-582-7397,eve.smith@service.co
Bob,Taylor,+1-884-425-7328,eve.white@example.com
Frank,Brown,+1-277-590-4910,alice.brown@mail.com
Jane,Johnson,+1-988-567-7660,dana.white@mail.com
Jane,Walker,+1-648-860-8178,frank.walker@mail.com
Jane,Taylor,+1-503-825-3260,alice.white@example.com
Bob,Taylor,+1-770-687-6417,john.walker@example.com
Jane,Smith,+1-823-927-3715,eve.brown@mail.com
Jane,Lee,+1-722-756-5118,eve.walker@example.com
Chris,Taylor,+1-819-499-2640,frank.smith@demo.net
Dana,Walker,+1-575-114-2207,dana.brown@test.org
Jane,Anderson,+1-238-197-4806,frank.johnson@test.org
Dana,Lee,+1-197-621-3178,john.anderson@test.org
Eve,Johnson,+1-740-454-8336,frank.white@demo.net
Chris,Brown,+1-869-203-6752,eve.taylor@example.com
Chris,Smith,+1-993-213-2555,jane.white@mail.com
John,White,+1-812-822-1663,alice.brown@service.co
John,Brown,+1-438-448-3866,alice.brown@demo.net
Bob,Walker,+1-393-542-9047,bob.smith@test.org
Jane,Anderson,+1-211-669-3256,chris.walker@service.co
Bob,White,+1-740-794-8035,jane.anderson@demo.net
Jane,Walker,+1-690-118-5048,bob.lee@mail.com
Jane,Johnson,+1-455-176-8693,alice.taylor@mail.com
Frank,Smith,+1-716-101-3409,alice.walker@service.co
Jane,Lee,+1-355-122-7391,jane.anderson@test.org
John,Brown,+1-733-849-6067,eve.taylor@demo.net
Jane,Taylor,+1-740-171-1849,alice.taylor@example.com
Chris,Taylor,+1-677-716-6266,john.anderson@service.co
Frank,Johnson,+1-681-268-5581,jane.white@service.co
Eve,Taylor,+1-962-311-7556,jane.smith@example.com
Eve,Anderson,+1-531-766-8478,eve.lee@mail.com
John,Smith,+1-217-212-2901,jane.smith@demo.net
Eve,Walker,+1-682-997-6278,frank.lee@demo.net
Frank,Anderson,+1-294-156-5551,alice.smith@test.org
Dana,Walker,+1-875-316-9448,bob.anderson@test.org
Jane,Taylor,+1-314-605-2782,bob.walker@test.org
Jane,Smith,+1-558-128-1882,john.johnson@demo.net
John,White,+1-235-174-2886,frank.white@demo.net
Jane,Smith,+1-218-223-1638,dana.anderson@example.com
Alice,Taylor,+1-592-568-6170,john.white@mail.com
Chris,Taylor,+1-751-639-5577,john.johnson@example.com
Jane,Walker,+1-812-905-9288,john.anderson@demo.net
Alice,Lee,+1-670-128-6032,chris.brown@example.com
Frank,White,+1-408-573-3225,alice.smith@demo.net
John,White,+1-596-580-3893,frank.walker@mail.com
Frank,Smith,+1-176-249-2754,alice.taylor@test.org
Jane,White,+1-519-769-9234,bob.brown@test.org
Dana,Taylor,+1-130-107-7826,eve.lee@test.org
Chris,Smith,+1-989-211-9836,john.walker@mail.com
Frank,Taylor,+1-568-326-8794,bob.anderson@demo.net
Chris,White,+1-958-963-7702,chris.white@example.com
Chris,Taylor,+1-612-877-1557,john.walker@service.co
Frank,White,+1-579-394-1288,chris.johnson@service.co
Eve,Anderson,+1-196-338-5755,bob.lee@mail.com
Eve,Walker,+1-148-727-6288,frank.johnson@example.com
Dana,Taylor,+1-306-257-6160,bob.walker@service.co
Jane,White,+1-502-259-3507,dana.anderson@test.org
Dana,Walker,+1-251-306-3709,chris.johnson@test.org
Bob,Brown,+1-886-456-7779,bob.johnson@demo.net
Frank,Anderson,+1-424-387-6220,dana.anderson@example.com
Jane,Taylor,+1-785-735-7171,eve.anderson@demo.net
Eve,Walker,+1-308-640-2397,alice.white@demo.net
Dana,Lee,+1-831-979-3966,eve.walker@service.co
Eve,Brown,+1-501-638-3619,dana.anderson@example.com
Jane,Lee,+1-914-665-3253,bob.taylor@mail.com
Eve,White,+1-802-617-2335,jane.taylor@service.co
Eve,Johnson,+1-669-747-5790,jane.brown@demo.net
John,Lee,+1-223-558-9898,frank.walker@service.co
Frank,White,+1-659-903-6530,jane.smith@test.org
Eve,Smith,+1-587-900-3574,dana.brown@demo.net
Jane,Johnson,+1-478-542-6669,chris.anderson@mail.com
Dana,White,+1-979-927-4684,frank.johnson@demo.net
Alice,Taylor,+1-422-565-2722,frank.brown@example.com
Jane,Brown,+1-323-323-8649,eve.anderson@mail.com
Dana,Brown,+1-510-894-8502,frank.lee@demo.net
Dana,Brown,+1-306-508-2740,chris.anderson@test.org
Chris,Brown,+1-234-685-9052,eve.anderson@test.org
Chris,Smith,+1-410-292-1258,chris.smith@mail.com
Frank,Brown,+1-710-584-9691,alice.johnson@service.co
Eve,Lee,+1-899-868-2514,dana.brown@mail.com
Jane,Taylor,+1-715-370-9647,dana.lee@example.com
Jane,Taylor,+1-470-774-2131,dana.brown@demo.net
Jane,Taylor,+1-235-574-5452,chris.brown@demo.net
Dana,Walker,+1-111-384-5567,bob.lee@demo.net
Frank,Lee,+1-293-199-1735,dana.brown@mail.com
Chris,Walker,+1-303-559-8502,chris.white@demo.net
Chris,Smith,+1-630-903-9716,frank.white@example.com
Eve,Smith,+1-826-154-1676,dana.lee@service.co
Jane,Johnson,+1-524-745-8936,chris.taylor@mail.com
Frank,Walker,+1-273-160-9427,bob.johnson@mail.com
Dana,Lee,+1-727-795-9211,chris.smith@example.com
Dana,Walker,+1-684-997-2578,chris.taylor@service.co
Frank,Smith,+1-674-693-9747,eve.walker@mail.com
Frank,Smith,+1-129-824-8227,john.anderson@mail.com
Bob,Brown,+1-581-629-7471,eve.taylor@mail.com
Chris,Taylor,+1-967-623-8402,dana.johnson@mail.com
Jane,Brown,+1-577-429-8912,frank.anderson@mail.com
Chris,Taylor,+1-816-642-3221,dana.white@mail.com
Alice,Smith,+1-820-427-7011,dana.taylor@mail.com
Alice,Lee,+1-122-519-8991,dana.smith@test.org
Jane,Taylor,+1-686-114-5312,alice.johnson@demo.net
John,Smith,+1-589-582-9250,frank.smith@service.co
Alice,Walker,+1-854-524-9092,jane.anderson@demo.net
Frank,Walker,+1-488-201-2604,chris.anderson@test.org
Chris,Johnson,+1-573-555-2683,eve.lee@example.com
Dana,Taylor,+1-205-463-5013,frank.taylor@service.co
Eve,Smith,+1-626-937-1493,alice.white@test.org
Dana,Taylor,+1-543-368-9733,chris.walker@demo.net
Bob,Walker,+1-713-596-1502,alice.smith@demo.net
Frank,White,+1-697-354-7942,chris.brown@test.org
Chris,Johnson,+1-605-333-9218,frank.lee@test.org
Bob,Taylor,+1-627-194-6644,john.brown@mail.com
Alice,Brown,+1-114-977-1622,frank.taylor@example.com
Eve,Lee,+1-772-769-4395,dana.taylor@mail.com
Chris,Walker,+1-310-603-7536,john.anderson@service.co
Eve,Brown,+1-852-843-5477,bob.lee@demo.net
Bob,Johnson,+1-181-846-1012,jane.anderson@example.com
Dana,Walker,+1-392-214-1583,eve.taylor@service.co
Chris,Walker,+1-933-663-3313,chris.taylor@demo.net
Eve,Taylor,+1-931-292-6432,alice.smith@demo.net
Chris,Johnson,+1-154-220-4005,frank.white@example.com
Jane,Anderson,+1-659-218-4885,john.brown@example.com
Jane,Smith,+1-247-292-1900,alice.walker@mail.com
Jane,Brown,+1-351-751-7467,dana.lee@demo.net
Dana,Walker,+1-637-216-9345,jane.smith@example.com
Dana,Johnson,+1-458-786-2455,frank.brown@test.org
Eve,Walker,+1-854-296-5181,eve.walker@example.com
Jane,White,+1-389-990-1202,chris.johnson@example.com
Dana,Johnson,+1-297-596-6660,john.anderson@example.com
Bob,White,+1-906-270-9274,john.white@demo.net
John,Johnson,+1-714-337-5718,frank.taylor@demo.net
Frank,Taylor,+1-294-907-9703,dana.walker@test.org
Jane,Walker,+1-772-898-9103,john.anderson@test.org
Chris,Smith,+1-321-809-8403,jane.smith@service.co
Dana,White,+1-585-530-2568,eve.white@demo.net
Alice,Johnson,+1-649-712-3815,bob.lee@mail.com
Alice,Walker,+1-283-580-5527,alice.lee@demo.net
Chris,Brown,+1-444-972-5533,frank.walker@service.co
John,Walker,+1-281-501-2828,alice.anderson@service.co
Jane,Lee,+1-143-437-8951,alice.taylor@service.co
Eve,Johnson,+1-524-908-9375,alice.white@service.co
Chris,Lee,+1-537-950-3055,bob.lee@demo.net
Bob,Smith,+1-935-203-3239,bob.white@service.co
Frank,Smith,+1-115-142-3826,frank.johnson@service.co
Chris,Anderson,+1-869-925-5554,bob.anderson@demo.net
Frank,Smith,+1-704-286-1452,chris.taylor@example.com
Eve,Lee,+1-194-742-9676,john.johnson@service.co
Jane,Brown,+1-560-669-9580,bob.walker@test.org
Bob,Smith,+1-587-525-2174,frank.white@test.org
Frank,Anderson,+1-616-794-8888,chris.white@service.co
Chris,White,+1-551-136-7646,eve.anderson@example.com
Jane,Smith,+1-426-188-4193,frank.smith@service.co
Alice,Walker,+1-977-880-2327,eve.johnson@demo.net
Chris,Smith,+1-235-729-2793,chris.taylor@demo.net
John,Smith,+1-270-893-7921,alice.anderson@demo.net
John,Anderson,+1-587-403-1191,bob.smith@test.org
John,Brown,+1-470-694-8206,chris.brown@example.com
Eve,Taylor,+1-479-809-4186,eve.white@test.org
Alice,Johnson,+1-195-397-1949,dana.smith@test.org
Jane,Anderson,+1-694-259-2468,chris.lee@mail.com
Chris,Anderson,+1-660-319-6273,alice.walker@example.com
Alice,White,+1-210-162-2490,eve.white@mail.com
Jane,Johnson,+1-800-510-4269,chris.white@example.com
Bob,Taylor,+1-239-641-7799,jane.walker@demo.net
Bob,Johnson,+1-490-608-2316,alice.brown@example.com
Eve,Brown,+1-276-286-3267,eve.anderson@service.co
Bob,White,+1-899-792-8474,alice.white@mail.com
John,Anderson,+1-716-619-9120,dana.johnson@test.org
Bob,Brown,+1-261-907-6569,frank.walker@service.co
John,Taylor,+1-608-626-8472,alice.taylor@service.co
Eve,White,+1-551-922-6474,chris.lee@test.org
Jane,Lee,+1-932-320-7560,frank.brown@service.co
Alice,Lee,+1-347-413-5611,eve.anderson@test.org
Jane,Brown,+1-174-510-4567,frank.johnson@example.com
Chris,Walker,+1-932-364-4480,jane.johnson@service.co
Dana,Brown,+1-189-630-6016,john.lee@service.co
Eve,Anderson,+1-439-910-8398,bob.lee@service.co
Bob,White,+1-698-702-4932,john.walker@example.com
Chris,White,+1-496-567-8834,bob.walker@example.com
John,Anderson,+1-467-490-4144,frank.walker@service.co
Alice,Johnson,+1-372-166-6844,john.taylor@mail.com
Chris,Lee,+1-187-831-4689,jane.walker@example.com
Frank,Smith,+1-336-702-2991,john.taylor@service.co
Jane,Anderson,+1-280-627-9282,bob.taylor@example.com
Dana,Anderson,+1-318-519-7323,jane.lee@mail.com
Alice,Anderson,+1-185-230-5376,dana.johnson@service.co
John,Johnson,+1-477-648-3884,frank.lee@example.com
Chris,Anderson,+1-469-755-5118,john.johnson@mail.com
Eve,Walker,+1-698-950-4839,chris.smith@test.org
Chris,Johnson,+1-972-402-9965,bob.lee@test.org
John,Walker,+1-765-449-7012,eve.johnson@test.org
Jane,Brown,+1-326-625-8876,frank.white@test.org
Frank,Lee,+1-111-292-2210,chris.white@example.com
John,Johnson,+1-549-915-2001,dana.lee@demo.net
Alice,Anderson,+1-191-552-4277,bob.white@test.org
Dana,Brown,+1-122-240-4412,bob.lee@test.org
Bob,White,+1-571-643-3226,dana.johnson@mail.com
John,Johnson,+1-124-801-4465,chris.walker@service.co
Eve,Brown,+1-681-178-2631,frank.johnson@mail.com
Dana,Johnson,+1-368-841-3697,bob.lee@service.co
Bob,Johnson,+1-843-102-1324,alice.white@mail.com
Alice,Johnson,+1-187-287-9514,jane.walker@mail.com
Frank,Taylor,+1-358-810-7078,eve.white@mail.com
Eve,White,+1-637-705-5485,eve.brown@mail.com
Alice,Johnson,+1-323-260-6492,dana.taylor@demo.net
Frank,Anderson,+1-840-537-3830,jane.taylor@service.co
Eve,Taylor,+1-825-784-1256,jane.lee@test.org
Jane,White,+1-302-974-9813,john.white@test.org
Jane,Lee,+1-716-222-9439,eve.taylor@demo.net
Frank,Smith,+1-408-762-2923,john.white@example.com
Eve,Smith,+1-742-561-4536,chris.anderson@test.org
Bob,Brown,+1-409-630-9651,frank.johnson@mail.com
John,Smith,+1-474-795-4457,jane.johnson@example.com
Bob,Smith,+1-937-322-5239,dana.lee@demo.net
Jane,Smith,+1-657-952-4454,chris.brown@test.org
Jane,Taylor,+1-729-225-2773,dana.brown@example.com
Chris,Anderson,+1-359-793-6459,chris.taylor@mail.com
Alice,Brown,+1-613-459-7694,dana.lee@example.com
Frank,Brown,+1-962-943-9144,eve.taylor@example.com
Chris,Anderson,+1-204-522-3296,jane.lee@demo.net
