street_name,city,country,zip_code
Spruce Road,Hilltop,Canada,16612
Elm Street,Springfield,Germany,20125
Elm Street,Brookhaven,UK,31480
Cedar Lane,Meadowfield,Australia,58162
Pine Drive,Rivertown,Australia,16654
Spruce Road,Rivertown,USA,23164
Oak Street,Meadowfield,France,81277
Pine Drive,Rivertown,Germany,17431
Spruce Road,Lakeside,France,66603
Oak Street,Meadowfield,UK,86684
Pine Drive,Brookhaven,Canada,18901
Pine Drive,Hilltop,France,15369
Spruce Road,Hilltop,USA,27142
Maple Avenue,Meadowfield,France,38090
Oak Street,Brookhaven,USA,71897
Spruce Road,Springfield,USA,55482
Oak Street,Brookhaven,USA,55105
Cedar Lane,Meadowfield,Germany,60729
Elm Street,Springfield,France,93451
Pine Drive,Brookhaven,France,19065
Pine Drive,Springfield,France,68360
Elm Street,Brookhaven,Australia,92301
Pine Drive,Springfield,Canada,22290
Maple Avenue,Hilltop,Canada,58869
Pine Drive,Brookhaven,USA,33824
Oak Street,Meadowfield,USA,47116
Spruce Road,Brookhaven,UK,69450
Pine Drive,Springfield,Germany,92653
Maple Avenue,Lakeside,Canada,38090
Pine Drive,Lakeside,UK,68360
Spruce Road,Lakeside,Canada,75930
Elm Street,Lakeside,Canada,66603
Maple Avenue,Springfield,Australia,16654
Spruce Road,Brookhaven,Canada,43807
Spruce Road,Brookhaven,Australia,12798
Oak Street,Meadowfield,USA,14567
Maple Avenue,Brookhaven,USA,55482
Elm Street,Springfield,Germany,43007
Pine Drive,Springfield,Australia,55105
Oak Street,Brookhaven,Canada,47116
Oak Street,Brookhaven,Canada,33824
Cedar Lane,Springfield,France,18901
Cedar Lane,Brookhaven,UK,24502
Oak Street,Hilltop,France,87861
Maple Avenue,Brookhaven,Germany,17871
Oak Street,Brookhaven,USA,62191
Spruce Road,Meadowfield,Canada,19065
Spruce Road,Hilltop,Canada,19549
Maple Avenue,Meadowfield,France,20166
Elm Street,Meadowfield,USA,12798
Pine Drive,Lakeside,Germany,85496
Cedar Lane,Brookhaven,UK,20166
Cedar Lane,Meadowfield,France,46678
Maple Avenue,Springfield,Canada,44147
Cedar Lane,Springfield,USA,68360
Spruce Road,Hilltop,Australia,16654
Cedar Lane,Rivertown,Canada,86604
Oak Street,Hilltop,USA,73228
Oak Street,Rivertown,UK,27892
Maple Avenue,Hilltop,USA,74693
Maple Avenue,Lakeside,France,46253
Elm Street,Meadowfield,France,94308
Cedar Lane,Hilltop,France,39036
Oak Street,Springfield,Germany,98489
Spruce Road,Lakeside,Canada,87861
Cedar Lane,Brookhaven,USA,77531
Elm Street,Meadowfield,Canada,19549
Maple Avenue,Springfield,Canada,92764
Maple Avenue,Hilltop,USA,85368
Spruce Road,Rivertown,Canada,16654
Maple Avenue,Meadowfield,France,98489
Spruce Road,Rivertown,Canada,63402
Pine Drive,Hilltop,Germany,68496
Maple Avenue,Springfield,Canada,86604
Oak Street,Lakeside,USA,30563
Elm Street,Springfield,UK,85496
Cedar Lane,Brookhaven,UK,60729
Maple Avenue,Brookhaven,France,81277
Pine Drive,Brookhaven,Canada,86604
Spruce Road,Rivertown,USA,92301
Cedar Lane,Meadowfield,Australia,87861
Cedar Lane,Rivertown,Canada,33500
Cedar Lane,Rivertown,UK,16654
Spruce Road,Meadowfield,USA,73228
Oak Street,Springfield,Germany,93109
Spruce Road,Rivertown,France,62191
Oak Street,Meadowfield,Germany,66603
Spruce Road,Meadowfield,Germany,72412
Oak Street,Rivertown,UK,33500
Cedar Lane,Hilltop,Canada,72412
Oak Street,Meadowfield,France,23164
Oak Street,Hilltop,UK,73228
Elm Street,Rivertown,Canada,63402
Elm Street,Hilltop,UK,23164
Cedar Lane,Lakeside,USA,10575
Maple Avenue,Springfield,Germany,23164
Spruce Road,Lakeside,Australia,19065
Spruce Road,Lakeside,Germany,17431
Maple Avenue,Lakeside,Germany,46678
Pine Drive,Springfield,Australia,71897
Cedar Lane,Rivertown,USA,52331
Oak Street,Lakeside,USA,69680
Cedar Lane,Brookhaven,France,50784
Spruce Road,Rivertown,UK,44147
Oak Street,Hilltop,France,17871
Oak Street,Rivertown,Australia,17871
Oak Street,Hilltop,Canada,71897
Oak Street,Springfield,Canada,24502
Maple Avenue,Lakeside,USA,38090
Pine Drive,Hilltop,France,93451
Maple Avenue,Brookhaven,UK,24502
Spruce Road,Rivertown,Australia,66603
Spruce Road,Rivertown,France,23164
Spruce Road,Rivertown,USA,20143
Elm Street,Rivertown,Germany,92301
Pine Drive,Lakeside,Australia,77531
Elm Street,Springfield,Germany,76843
Oak Street,Springfield,UK,44422
Oak Street,Springfield,USA,55482
Spruce Road,Hilltop,USA,85526
Cedar Lane,Brookhaven,UK,73228
Cedar Lane,Meadowfield,France,74016
Spruce Road,Springfield,France,63402
Spruce Road,Brookhaven,Canada,23164
Spruce Road,Springfield,France,39036
Oak Street,Hilltop,Germany,72014
Spruce Road,Meadowfield,Australia,33824
Elm Street,Hilltop,Canada,98486
Elm Street,Springfield,UK,30887
Cedar Lane,Hilltop,Germany,69680
Spruce Road,Hilltop,France,55105
Maple Avenue,Rivertown,France,38090
Maple Avenue,Brookhaven,Canada,63402
Cedar Lane,Lakeside,Australia,23342
Spruce Road,Meadowfield,France,31095
Maple Avenue,Rivertown,Australia,31095
Pine Drive,Hilltop,Australia,52543
Oak Street,Springfield,Australia,81277
Spruce Road,Hilltop,Canada,72412
Cedar Lane,Rivertown,Canada,62191
Oak Street,Meadowfield,UK,60729
Cedar Lane,Meadowfield,USA,20125
Elm Street,Springfield,Australia,77531
Maple Avenue,Hilltop,UK,72412
Maple Avenue,Hilltop,USA,43007
Cedar Lane,Meadowfield,Canada,58608
Spruce Road,Lakeside,USA,19549
Cedar Lane,Brookhaven,Germany,82583
Cedar Lane,Hilltop,Canada,55482
Spruce Road,Springfield,USA,81277
Cedar Lane,Lakeside,France,77943
Cedar Lane,Springfield,UK,87861
Pine Drive,Meadowfield,UK,20143
Oak Street,Rivertown,USA,25425
Oak Street,Hilltop,USA,41390
Pine Drive,Brookhaven,Canada,77943
Maple Avenue,Brookhaven,UK,93451
Spruce Road,Springfield,Australia,81277
Spruce Road,Brookhaven,Australia,69680
Spruce Road,Rivertown,USA,73228
Spruce Road,Meadowfield,Australia,25425
Elm Street,Rivertown,Canada,94645
Oak Street,Hilltop,Germany,23164
Elm Street,Springfield,Australia,92764
Pine Drive,Meadowfield,Germany,17871
Elm Street,Hilltop,Germany,81277
Elm Street,Rivertown,UK,43007
Oak Street,Rivertown,France,76843
Cedar Lane,Meadowfield,Canada,30887
Maple Avenue,Brookhaven,UK,73228
Elm Street,Brookhaven,UK,72014
Cedar Lane,Meadowfield,Australia,69680
Spruce Road,Brookhaven,France,91810
Elm Street,Brookhaven,UK,23164
Cedar Lane,Hilltop,France,85526
Maple Avenue,Lakeside,Germany,77531
Elm Street,Hilltop,Germany,17651
Spruce Road,Hilltop,USA,39036
Cedar Lane,Hilltop,Australia,91810
Maple Avenue,Lakeside,Germany,16654
Spruce Road,Lakeside,Canada,98489
Maple Avenue,Lakeside,USA,44422
Cedar Lane,Hilltop,UK,62191
Cedar Lane,Springfield,USA,19549
Maple Avenue,Brookhaven,Canada,72014
Pine Drive,Springfield,Australia,85526
Cedar Lane,Meadowfield,Germany,31095
Pine Drive,Meadowfield,UK,23038
Spruce Road,Rivertown,Germany,86604
Elm Street,Springfield,Australia,38090
Pine Drive,Springfield,UK,27142
Pine Drive,Hilltop,USA,41390
Oak Street,Rivertown,Canada,55482
Cedar Lane,Lakeside,UK,23164
Spruce Road,Springfield,Australia,14567
Maple Avenue,Brookhaven,Canada,46678
Oak Street,Hilltop,USA,54520
Cedar Lane,Hilltop,Canada,44147
Spruce Road,Brookhaven,UK,44612
Oak Street,Lakeside,Canada,67480
Oak Street,Hilltop,Australia,69680
Cedar Lane,Rivertown,Germany,19065
Maple Avenue,Meadowfield,Canada,98489
Pine Drive,Hilltop,Canada,19549
Cedar Lane,Rivertown,UK,28239
Elm Street,Hilltop,France,60729
Elm Street,Meadowfield,Canada,88112
Maple Avenue,Lakeside,Canada,91810
Elm Street,Meadowfield,Australia,54520
Cedar Lane,Hilltop,France,58869
Pine Drive,Rivertown,France,31480
Cedar Lane,Springfield,UK,67480
Oak Street,Lakeside,Germany,54520
Cedar Lane,Rivertown,UK,77943
Elm Street,Hilltop,Canada,58162
Oak Street,Lakeside,USA,73228
Maple Avenue,Springfield,UK,24138
Oak Street,Lakeside,Canada,74693
Pine Drive,Lakeside,USA,69450
Cedar Lane,Lakeside,Canada,44147
Elm Street,Hilltop,France,93451
Oak Street,Springfield,Canada,94645
Spruce Road,Meadowfield,Canada,31480
Spruce Road,Lakeside,Australia,91810
Spruce Road,Rivertown,UK,74693
Pine Drive,Meadowfield,France,17871
Oak Street,Springfield,France,63566
Cedar Lane,Meadowfield,Germany,66603
Pine Drive,Brookhaven,Canada,46253
Elm Street,Meadowfield,UK,56188
Elm Street,Brookhaven,Canada,72014
Pine Drive,Rivertown,UK,58608
Oak Street,Lakeside,France,56188
Spruce Road,Rivertown,Canada,93109
Oak Street,Meadowfield,Germany,20166
Oak Street,Brookhaven,Germany,85368
Maple Avenue,Rivertown,Germany,31480
Oak Street,Springfield,Australia,18901
Oak Street,Hilltop,Australia,63402
Oak Street,Meadowfield,Germany,77531
Oak Street,Hilltop,Canada,69450
Oak Street,Meadowfield,USA,43007
Pine Drive,Springfield,UK,69680
Maple Avenue,Rivertown,Australia,74693
Pine Drive,Springfield,Canada,63402
Cedar Lane,Brookhaven,Germany,71897
Maple Avenue,Hilltop,UK,33824
Elm Street,Lakeside,Canada,27892
Oak Street,Rivertown,Germany,92301
Oak Street,Springfield,Australia,10575
Elm Street,Meadowfield,Germany,52331
Spruce Road,Hilltop,Germany,63402
Spruce Road,Rivertown,UK,63566
Pine Drive,Hilltop,Australia,92764
Cedar Lane,Springfield,Germany,27142
Pine Drive,Lakeside,USA,54520
Elm Street,Rivertown,Germany,69450
Maple Avenue,Meadowfield,Canada,32640
Cedar Lane,Brookhaven,France,19549
Cedar Lane,Rivertown,USA,68360
Pine Drive,Hilltop,Australia,76843
Pine Drive,Hilltop,Germany,44612
Oak Street,Lakeside,France,77943
Oak Street,Lakeside,UK,43807
Maple Avenue,Brookhaven,France,46253
Spruce Road,Rivertown,UK,92301
Oak Street,Brookhaven,Germany,30887
Oak Street,Rivertown,Australia,82583
Oak Street,Hilltop,USA,33824
Pine Drive,Rivertown,Canada,77943
Oak Street,Meadowfield,UK,92764
Oak Street,Springfield,USA,55482
Maple Avenue,Lakeside,USA,68496
Cedar Lane,Rivertown,USA,66603
Elm Street,Hilltop,UK,87687
Maple Avenue,Meadowfield,Australia,87861
Elm Street,Hilltop,Australia,72014
Elm Street,Lakeside,France,19549
Maple Avenue,Rivertown,Australia,39036
Spruce Road,Springfield,Germany,43807
Spruce Road,Springfield,Australia,16654
Spruce Road,Meadowfield,USA,33542
Maple Avenue,Rivertown,USA,24138
Oak Street,Brookhaven,UK,72014
Pine Drive,Meadowfield,Canada,22290
Cedar Lane,Meadowfield,Australia,54520
Elm Street,Springfield,Australia,71897
Maple Avenue,Springfield,France,74693
Elm Street,Rivertown,USA,86684
Elm Street,Brookhaven,USA,87687
Oak Street,Hilltop,Australia,23164
Elm Street,Lakeside,UK,46253
Pine Drive,Springfield,Canada,20166
Oak Street,Springfield,USA,75930
Spruce Road,Rivertown,Canada,43007
Oak Street,Meadowfield,UK,98486
Cedar Lane,Hilltop,Australia,74016
Spruce Road,Springfield,USA,50784
Oak Street,Brookhaven,France,20166
Elm Street,Meadowfield,UK,52543
Pine Drive,Lakeside,Canada,33500
Elm Street,Lakeside,Germany,44612
Oak Street,Lakeside,Canada,91810
Pine Drive,Hilltop,Germany,43007
Elm Street,Meadowfield,Canada,74016
Oak Street,Meadowfield,USA,72014
Oak Street,Rivertown,Canada,33824
Maple Avenue,Brookhaven,France,15369
Oak Street,Springfield,France,68360
Maple Avenue,Meadowfield,UK,46253
Cedar Lane,Hilltop,France,38090
Pine Drive,Rivertown,Australia,94645
Elm Street,Meadowfield,UK,17651
Pine Drive,Rivertown,USA,33824
Pine Drive,Springfield,Australia,56188
Spruce Road,Rivertown,Germany,20125
Pine Drive,Springfield,Australia,46678
Oak Street,Rivertown,UK,69450
Spruce Road,Springfield,France,72412
Spruce Road,Springfield,UK,77531
Spruce Road,Lakeside,USA,67480
Maple Avenue,Brookhaven,Germany,30563
Elm Street,Springfield,France,74016
Pine Drive,Meadowfield,USA,76843
Maple Avenue,Brookhaven,France,72412
Pine Drive,Rivertown,Australia,68496
Cedar Lane,Meadowfield,France,63174
Spruce Road,Lakeside,Australia,38090
Oak Street,Meadowfield,Canada,12798
Elm Street,Meadowfield,Canada,77943
Cedar Lane,Lakeside,France,67480
Spruce Road,Rivertown,UK,33824
Cedar Lane,Rivertown,Australia,31480
Maple Avenue,Springfield,France,17651
Cedar Lane,Rivertown,Canada,74693
Elm Street,Rivertown,France,71897
Cedar Lane,Springfield,Germany,52331
Elm Street,Meadowfield,Australia,22290
Oak Street,Brookhaven,UK,93451
Pine Drive,Hilltop,Australia,71897
Elm Street,Springfield,Canada,19549
Spruce Road,Rivertown,UK,11480
Spruce Road,Rivertown,France,39036
Pine Drive,Springfield,France,72014
Oak Street,Springfield,Germany,69450
Spruce Road,Lakeside,Australia,94645
Cedar Lane,Rivertown,Canada,93451
Pine Drive,Meadowfield,France,31095
Elm Street,Hilltop,France,71897
Elm Street,Hilltop,France,87687
Elm Street,Meadowfield,Canada,68496
Elm Street,Brookhaven,UK,67480
Oak Street,Springfield,Australia,39036
Spruce Road,Rivertown,UK,33500
Maple Avenue,Lakeside,UK,93451
Cedar Lane,Springfield,USA,87861
Pine Drive,Hilltop,France,50784
Elm Street,Brookhaven,Australia,20143
Oak Street,Springfield,Canada,91810
Cedar Lane,Lakeside,Australia,85496
Elm Street,Springfield,France,85496
Maple Avenue,Rivertown,USA,31095
Spruce Road,Rivertown,Canada,14567
Spruce Road,Brookhaven,France,67480
Cedar Lane,Brookhaven,USA,27892
Elm Street,Rivertown,Germany,82583
Pine Drive,Rivertown,France,32640
Spruce Road,Rivertown,Australia,67480
Pine Drive,Rivertown,UK,39036
Maple Avenue,Hilltop,USA,85496
Maple Avenue,Hilltop,Germany,24138
Elm Street,Lakeside,France,50784
Spruce Road,Brookhaven,Canada,69450
Maple Avenue,Meadowfield,UK,94645
Oak Street,Lakeside,France,16612
Pine Drive,Brookhaven,Canada,30887
Elm Street,Lakeside,Australia,27142
Cedar Lane,Hilltop,USA,14739
Spruce Road,Brookhaven,Canada,92301
Maple Avenue,Lakeside,France,33500
Oak Street,Meadowfield,Germany,74693
Oak Street,Meadowfield,Canada,10575
Cedar Lane,Hilltop,UK,16654
Maple Avenue,Springfield,France,87861
Spruce Road,Brookhaven,Australia,44422
Oak Street,Springfield,UK,28239
Maple Avenue,Brookhaven,France,68360
Spruce Road,Springfield,Canada,38090
Elm Street,Lakeside,France,56188
Pine Drive,Rivertown,Australia,32640
Cedar Lane,Lakeside,Australia,40342
Pine Drive,Rivertown,Australia,31480
Maple Avenue,Brookhaven,Germany,54520
Pine Drive,Springfield,Canada,54520
Pine Drive,Meadowfield,France,92764
Oak Street,Meadowfield,Australia,17431
Spruce Road,Meadowfield,Australia,92764
Elm Street,Meadowfield,France,56188
Elm Street,Rivertown,Canada,19549
Oak Street,Hilltop,France,16612
Pine Drive,Meadowfield,Germany,63566
Oak Street,Rivertown,USA,63566
Maple Avenue,Hilltop,UK,77531
Elm Street,Springfield,USA,56188
Oak Street,Rivertown,Canada,44422
Elm Street,Rivertown,UK,94308
Pine Drive,Lakeside,UK,55105
Elm Street,Meadowfield,Canada,58869
Pine Drive,Springfield,Germany,25425
Spruce Road,Hilltop,USA,94308
Cedar Lane,Hilltop,Australia,23342
Maple Avenue,Hilltop,Australia,68360
Oak Street,Meadowfield,USA,41390
Elm Street,Meadowfield,Australia,98489
Oak Street,Brookhaven,Australia,98486
Cedar Lane,Rivertown,France,58608
Elm Street,Brookhaven,Germany,47116
Pine Drive,Brookhaven,USA,93451
Maple Avenue,Hilltop,USA,93109
Oak Street,Springfield,USA,27892
Oak Street,Brookhaven,Germany,17651
Elm Street,Hilltop,France,85526
Oak Street,Brookhaven,Germany,27142
Oak Street,Springfield,Germany,92764
Spruce Road,Rivertown,USA,33542
Elm Street,Rivertown,Canada,23164
Spruce Road,Rivertown,Germany,43007
Oak Street,Lakeside,France,47116
Pine Drive,Lakeside,USA,28239
Maple Avenue,Meadowfield,Australia,73228
Spruce Road,Springfield,Canada,17651
Spruce Road,Rivertown,USA,19549
Maple Avenue,Springfield,Australia,11480
Spruce Road,Springfield,Germany,30887
Cedar Lane,Lakeside,Germany,56188
Spruce Road,Meadowfield,USA,43807
Pine Drive,Meadowfield,UK,60729
Elm Street,Rivertown,USA,75930
Oak Street,Brookhaven,Canada,58162
Elm Street,Hilltop,France,17651
Pine Drive,Brookhaven,UK,68496
Spruce Road,Meadowfield,UK,73228
Maple Avenue,Brookhaven,France,69680
Elm Street,Rivertown,Canada,16612
Spruce Road,Springfield,France,41390
Elm Street,Meadowfield,Germany,63402
Pine Drive,Brookhaven,USA,85496
Cedar Lane,Springfield,USA,20166
Spruce Road,Hilltop,Australia,43007
Pine Drive,Brookhaven,Australia,40342
Oak Street,Springfield,Canada,88112
Pine Drive,Meadowfield,UK,77531
Spruce Road,Hilltop,France,20166
Pine Drive,Springfield,Germany,18901
Maple Avenue,Hilltop,Germany,58162
Spruce Road,Lakeside,Australia,15369
Oak Street,Springfield,Canada,16654
Maple Avenue,Lakeside,UK,85496
Pine Drive,Springfield,UK,81277
Maple Avenue,Hilltop,USA,81277
Spruce Road,Meadowfield,Germany,54520
Elm Street,Brookhaven,Germany,40342
Pine Drive,Hilltop,UK,44147
Maple Avenue,Hilltop,Australia,16612
Oak Street,Hilltop,USA,72412
Elm Street,Springfield,USA,24502
Spruce Road,Rivertown,Germany,43807
Pine Drive,Lakeside,USA,82583
Pine Drive,Springfield,UK,31480
Elm Street,Brookhaven,UK,23038
Elm Street,Meadowfield,Canada,63566
Oak Street,Lakeside,UK,14567
Elm Street,Hilltop,Australia,93109
Maple Avenue,Meadowfield,Australia,40342
Spruce Road,Springfield,UK,56188
Oak Street,Brookhaven,UK,17431
Elm Street,Lakeside,Germany,60729
Oak Street,Rivertown,UK,85368
Maple Avenue,Rivertown,Canada,46253
Cedar Lane,Meadowfield,France,69680
Elm Street,Hilltop,France,23342
Oak Street,Rivertown,UK,75930
Maple Avenue,Springfield,Canada,46253
Oak Street,Meadowfield,USA,27892
Elm Street,Brookhaven,USA,92653
Elm Street,Meadowfield,UK,19065
Cedar Lane,Meadowfield,Australia,23038
Elm Street,Springfield,Canada,92764
Oak Street,Rivertown,Canada,63566
Oak Street,Lakeside,USA,55105
Oak Street,Lakeside,Germany,25425
Cedar Lane,Rivertown,Germany,10575
Pine Drive,Rivertown,Germany,98489
Elm Street,Rivertown,UK,87861
Elm Street,Lakeside,Germany,86604
Pine Drive,Hilltop,France,68496
Cedar Lane,Meadowfield,UK,27892
Spruce Road,Brookhaven,Canada,31480
Oak Street,Brookhaven,USA,52543
Elm Street,Meadowfield,Canada,44147
Elm Street,Hilltop,UK,67480
Pine Drive,Brookhaven,France,20125
Oak Street,Meadowfield,UK,92764
Cedar Lane,Brookhaven,Canada,75930
Spruce Road,Brookhaven,Germany,69680
Spruce Road,Springfield,UK,14739
Spruce Road,Springfield,Germany,28239
Cedar Lane,Rivertown,France,68360
Cedar Lane,Springfield,Australia,27142
Spruce Road,Meadowfield,Canada,14567
Pine Drive,Hilltop,Canada,24502
Pine Drive,Meadowfield,France,17871
Spruce Road,Springfield,France,72014
Spruce Road,Springfield,USA,17651
Cedar Lane,Rivertown,Germany,27142
Pine Drive,Brookhaven,Germany,72014
Spruce Road,Meadowfield,Canada,17651
Spruce Road,Lakeside,USA,67480
Pine Drive,Lakeside,UK,23342
Spruce Road,Lakeside,Australia,92301
Elm Street,Rivertown,Canada,92301
Cedar Lane,Meadowfield,UK,74016
Oak Street,Brookhaven,Australia,10575
Cedar Lane,Hilltop,USA,87861
Maple Avenue,Springfield,Canada,54520
Oak Street,Hilltop,Canada,33824
Oak Street,Springfield,Australia,92301
Maple Avenue,Brookhaven,UK,92764
Oak Street,Brookhaven,UK,20166
Cedar Lane,Hilltop,Australia,98489
Maple Avenue,Hilltop,France,38090
Oak Street,Rivertown,Australia,72014
Cedar Lane,Rivertown,USA,23164
Cedar Lane,Brookhaven,Australia,20143
Spruce Road,Brookhaven,Australia,52543
Cedar Lane,Rivertown,UK,24138
Oak Street,Lakeside,Germany,39036
Cedar Lane,Brookhaven,UK,66603
Oak Street,Lakeside,France,31480
Maple Avenue,Meadowfield,France,33824
Cedar Lane,Meadowfield,Canada,91810
Elm Street,Hilltop,USA,44422
Maple Avenue,Brookhaven,Germany,72412
Cedar Lane,Hilltop,Canada,17651
Oak Street,Springfield,UK,41390
Pine Drive,Meadowfield,USA,16612
Pine Drive,Rivertown,France,20166
Pine Drive,Brookhaven,Canada,54520
Maple Avenue,Brookhaven,France,77531
Cedar Lane,Springfield,UK,43807
Maple Avenue,Springfield,USA,17431
Oak Street,Springfield,UK,60729
Oak Street,Rivertown,USA,18901
Cedar Lane,Brookhaven,Australia,19549
Cedar Lane,Hilltop,USA,17871
Oak Street,Meadowfield,France,19065
Elm Street,Brookhaven,Germany,46678
Spruce Road,Hilltop,USA,23342
Elm Street,Meadowfield,Australia,23038
Cedar Lane,Lakeside,USA,93109
Oak Street,Springfield,Canada,39036
Maple Avenue,Brookhaven,Germany,16612
Spruce Road,Lakeside,Germany,22290
Oak Street,Rivertown,Australia,52331
Pine Drive,Brookhaven,France,93109
Cedar Lane,Lakeside,France,73228
Cedar Lane,Rivertown,USA,50784
Cedar Lane,Meadowfield,Germany,85526
Elm Street,Rivertown,Canada,17651
Spruce Road,Brookhaven,France,91810
Pine Drive,Rivertown,Australia,32640
Oak Street,Meadowfield,Australia,93451
Maple Avenue,Springfield,USA,27142
Cedar Lane,Brookhaven,USA,77531
Pine Drive,Meadowfield,France,63174
Cedar Lane,Meadowfield,France,68496
Elm Street,Rivertown,Germany,38090
Cedar Lane,Meadowfield,Canada,31480
Maple Avenue,Lakeside,Germany,58608
Elm Street,Lakeside,Canada,17871
Pine Drive,Brookhaven,Australia,33500
Elm Street,Lakeside,USA,66603
Maple Avenue,Rivertown,France,43007
Spruce Road,Rivertown,France,23164
Elm Street,Rivertown,France,23342
Maple Avenue,Lakeside,UK,50784
Maple Avenue,Brookhaven,Germany,17871
Maple Avenue,Hilltop,Australia,39036
Pine Drive,Lakeside,Australia,75930
Spruce Road,Springfield,France,16654
Spruce Road,Brookhaven,USA,19065
Pine Drive,Meadowfield,UK,98489
Spruce Road,Rivertown,UK,86684
Elm Street,Hilltop,Germany,87861
Oak Street,Meadowfield,Canada,19065
Elm Street,Hilltop,Germany,92653
Cedar Lane,Meadowfield,UK,44422
Maple Avenue,Hilltop,UK,77531
Cedar Lane,Meadowfield,Canada,76843
Maple Avenue,Brookhaven,France,17651
Oak Street,Springfield,Australia,91810
Oak Street,Rivertown,France,23342
Elm Street,Brookhaven,Germany,98489
Maple Avenue,Rivertown,France,15369
Oak Street,Lakeside,Canada,46253
Pine Drive,Hilltop,USA,88112
Cedar Lane,Lakeside,France,69680
Elm Street,Rivertown,UK,44147
Pine Drive,Hilltop,Germany,58869
Cedar Lane,Lakeside,UK,19549
Elm Street,Brookhaven,USA,38090
Pine Drive,Lakeside,Australia,72014
Spruce Road,Hilltop,Australia,24138
Spruce Road,Rivertown,USA,92764
Pine Drive,Hilltop,France,52543
Oak Street,Rivertown,USA,39036
Maple Avenue,Hilltop,UK,55482
Elm Street,Brookhaven,USA,33542
Cedar Lane,Meadowfield,USA,81277
Maple Avenue,Brookhaven,Australia,17651
Cedar Lane,Lakeside,France,58608
Cedar Lane,Brookhaven,USA,44147
Cedar Lane,Rivertown,France,63174
Oak Street,Lakeside,Canada,56188
Maple Avenue,Hilltop,France,17871
Spruce Road,Brookhaven,Australia,14567
Oak Street,Lakeside,Germany,31480
Maple Avenue,Rivertown,France,88112
Maple Avenue,Rivertown,France,19065
Maple Avenue,Rivertown,Canada,44612
Oak Street,Hilltop,Canada,73228
Pine Drive,Rivertown,Australia,73228
Maple Avenue,Springfield,UK,55482
Cedar Lane,Hilltop,UK,31480
Cedar Lane,Brookhaven,UK,75930
Maple Avenue,Meadowfield,France,55482
Oak Street,Springfield,USA,44612
Spruce Road,Brookhaven,Canada,33542
Pine Drive,Rivertown,UK,43007
Pine Drive,Meadowfield,Germany,17431
Pine Drive,Brookhaven,France,19040
Oak Street,Meadowfield,France,52331
Pine Drive,Brookhaven,France,17871
Elm Street,Brookhaven,Australia,85526
Elm Street,Lakeside,USA,66603
Maple Avenue,Springfield,UK,27892
Pine Drive,Hilltop,Australia,38090
Pine Drive,Brookhaven,USA,58162
Pine Drive,Springfield,USA,74016
Pine Drive,Lakeside,UK,86604
Cedar Lane,Hilltop,Canada,43007
Oak Street,Hilltop,France,25425
Spruce Road,Springfield,Germany,44147
Oak Street,Rivertown,Germany,50784
Cedar Lane,Springfield,Australia,85526
Elm Street,Brookhaven,USA,27142
Maple Avenue,Brookhaven,USA,67480
Cedar Lane,Lakeside,Germany,23164
Maple Avenue,Brookhaven,Canada,98486
Oak Street,Lakeside,France,23164
Oak Street,Rivertown,Germany,56188
Pine Drive,Rivertown,Canada,16654
Oak Street,Springfield,Germany,71897
Maple Avenue,Rivertown,Germany,54520
Oak Street,Rivertown,USA,24138
Cedar Lane,Springfield,Australia,19065
Cedar Lane,Lakeside,Canada,47116
Oak Street,Lakeside,USA,17431
Pine Drive,Meadowfield,Germany,46253
Cedar Lane,Rivertown,Germany,73228
Maple Avenue,Lakeside,UK,92301
Oak Street,Rivertown,Germany,93109
Cedar Lane,Rivertown,France,82583
Elm Street,Hilltop,UK,81277
Cedar Lane,Lakeside,France,43807
Elm Street,Lakeside,Australia,10575
Maple Avenue,Brookhaven,Canada,17651
Elm Street,Springfield,USA,28239
Oak Street,Lakeside,Australia,69450
Pine Drive,Rivertown,UK,16612
Pine Drive,Hilltop,France,47116
Spruce Road,Rivertown,USA,23342
Spruce Road,Brookhaven,Germany,98486
Pine Drive,Lakeside,Australia,74016
Cedar Lane,Lakeside,Australia,98489
Pine Drive,Lakeside,Germany,58162
Maple Avenue,Springfield,France,44422
Oak Street,Meadowfield,USA,24138
Spruce Road,Meadowfield,Canada,19065
Cedar Lane,Hilltop,France,33542
Pine Drive,Rivertown,Canada,12798
Maple Avenue,Brookhaven,Canada,92301
Spruce Road,Hilltop,Germany,20143
Cedar Lane,Rivertown,Germany,63402
Elm Street,Meadowfield,UK,85526
Pine Drive,Meadowfield,Germany,24502
Maple Avenue,Meadowfield,Australia,85496
Maple Avenue,Rivertown,France,27142
Oak Street,Brookhaven,UK,58162
Cedar Lane,Lakeside,Germany,23342
Spruce Road,Rivertown,UK,69450
Elm Street,Lakeside,Germany,17651
Cedar Lane,Rivertown,Germany,52331
Elm Street,Lakeside,Australia,33824
Cedar Lane,Hilltop,Canada,82583
Maple Avenue,Springfield,Germany,22290
Maple Avenue,Lakeside,UK,33542
Oak Street,Lakeside,Canada,68360
Cedar Lane,Springfield,Germany,85526
Pine Drive,Hilltop,France,20143
Maple Avenue,Brookhaven,Australia,19040
Elm Street,Brookhaven,USA,92764
Pine Drive,Lakeside,UK,74693
Cedar Lane,Hilltop,Australia,15369
Spruce Road,Springfield,France,77943
Maple Avenue,Springfield,Australia,39036
Pine Drive,Hilltop,France,27892
Spruce Road,Lakeside,Australia,33824
Oak Street,Lakeside,USA,69680
Maple Avenue,Lakeside,Germany,87861
Pine Drive,Meadowfield,UK,77531
Cedar Lane,Meadowfield,Australia,62191
Spruce Road,Rivertown,France,14739
Oak Street,Meadowfield,Germany,63566
Elm Street,Hilltop,Germany,77943
Oak Street,Lakeside,Canada,57150
Oak Street,Rivertown,Canada,82583
Spruce Road,Rivertown,USA,93109
Cedar Lane,Lakeside,Germany,98489
Oak Street,Brookhaven,Australia,72014
Maple Avenue,Springfield,USA,63174
Pine Drive,Hilltop,USA,17651
Maple Avenue,Meadowfield,France,31480
Oak Street,Rivertown,UK,14567
Cedar Lane,Rivertown,Germany,16612
Pine Drive,Brookhaven,USA,85526
Cedar Lane,Springfield,Australia,93451
Oak Street,Brookhaven,Australia,41390
Oak Street,Meadowfield,Germany,41390
Cedar Lane,Lakeside,USA,20125
Cedar Lane,Rivertown,Canada,68496
Maple Avenue,Lakeside,USA,73228
Pine Drive,Brookhaven,USA,94308
Cedar Lane,Lakeside,UK,23038
Oak Street,Brookhaven,Australia,27892
Cedar Lane,Lakeside,France,58869
Elm Street,Meadowfield,Australia,93451
Pine Drive,Springfield,Australia,41390
Elm Street,Lakeside,France,20125
Maple Avenue,Lakeside,Australia,92653
Elm Street,Meadowfield,Australia,92301
Maple Avenue,Meadowfield,UK,27892
Elm Street,Springfield,France,30563
Cedar Lane,Rivertown,Canada,94645
Maple Avenue,Lakeside,Australia,87861
Spruce Road,Lakeside,USA,16654
Spruce Road,Brookhaven,USA,88112
Pine Drive,Brookhaven,France,92764
Oak Street,Lakeside,UK,55105
Cedar Lane,Lakeside,Germany,20125
Elm Street,Brookhaven,UK,66603
Maple Avenue,Rivertown,USA,50784
Elm Street,Meadowfield,France,46678
Spruce Road,Rivertown,Australia,52543
Cedar Lane,Rivertown,Germany,60729
Cedar Lane,Springfield,UK,28239
Pine Drive,Rivertown,France,74693
Pine Drive,Meadowfield,France,98486
Maple Avenue,Lakeside,Canada,71897
Maple Avenue,Meadowfield,France,10575
Cedar Lane,Lakeside,UK,81277
Pine Drive,Hilltop,Canada,30563
Maple Avenue,Brookhaven,USA,60729
Cedar Lane,Lakeside,USA,31095
Elm Street,Rivertown,USA,44422
Pine Drive,Springfield,France,22290
Oak Street,Meadowfield,UK,23038
Spruce Road,Springfield,Canada,44422
Oak Street,Meadowfield,Germany,88112
Oak Street,Lakeside,UK,17431
Maple Avenue,Meadowfield,France,88112
Maple Avenue,Brookhaven,Canada,56188
Maple Avenue,Rivertown,France,63174
Cedar Lane,Springfield,UK,98489
Maple Avenue,Hilltop,UK,23342
Pine Drive,Lakeside,UK,18901
Cedar Lane,Springfield,UK,93451
Pine Drive,Hilltop,Canada,27142
Pine Drive,Meadowfield,Canada,85526
Cedar Lane,Lakeside,UK,15369
Spruce Road,Lakeside,Germany,68360
Maple Avenue,Meadowfield,USA,33542
Oak Street,Hilltop,USA,81277
Cedar Lane,Brookhaven,France,73228
Elm Street,Hilltop,UK,27142
Elm Street,Lakeside,Australia,14739
Oak Street,Springfield,Germany,74693
Oak Street,Lakeside,Canada,86604
Pine Drive,Hilltop,Australia,60729
Spruce Road,Hilltop,USA,52543
Oak Street,Brookhaven,Canada,68496
Pine Drive,Brookhaven,USA,73228
Oak Street,Rivertown,Australia,23164
Cedar Lane,Rivertown,Germany,63174
Elm Street,Hilltop,USA,44612
Spruce Road,Hilltop,USA,66603
Cedar Lane,Rivertown,Australia,19065
Cedar Lane,Meadowfield,USA,74016
Oak Street,Brookhaven,Canada,85526
Spruce Road,Hilltop,France,40342
Maple Avenue,Meadowfield,Australia,75930
Elm Street,Lakeside,France,72014
Elm Street,Hilltop,Germany,23164
Elm Street,Rivertown,Australia,92653
Cedar Lane,Brookhaven,Germany,27892
Elm Street,Brookhaven,Germany,28239
Maple Avenue,Springfield,Canada,68360
Oak Street,Rivertown,UK,39036
Oak Street,Meadowfield,France,85496
Oak Street,Brookhaven,France,94645
Pine Drive,Rivertown,UK,23038
Oak Street,Lakeside,USA,86604
Elm Street,Meadowfield,France,16612
Maple Avenue,Rivertown,France,27892
Spruce Road,Hilltop,France,71897
Pine Drive,Hilltop,Australia,15369
Oak Street,Rivertown,France,41390
Maple Avenue,Brookhaven,UK,72412
Spruce Road,Hilltop,UK,86604
Pine Drive,Lakeside,Germany,43807
Cedar Lane,Lakeside,France,24502
Spruce Road,Springfield,Canada,63566
Oak Street,Brookhaven,Germany,69450
Cedar Lane,Brookhaven,Germany,33500
Spruce Road,Brookhaven,UK,92764
Oak Street,Springfield,France,77943
Elm Street,Rivertown,USA,98486
Cedar Lane,Hilltop,Australia,22290
Spruce Road,Lakeside,USA,46678
Cedar Lane,Lakeside,Germany,23038
Oak Street,Hilltop,Canada,18901
Oak Street,Rivertown,Germany,85368
Pine Drive,Brookhaven,UK,63402
Maple Avenue,Meadowfield,UK,39036
Elm Street,Rivertown,Germany,43007
Maple Avenue,Lakeside,UK,93451
Oak Street,Springfield,Canada,98486
Cedar Lane,Rivertown,Australia,43807
Pine Drive,Brookhaven,USA,76843
Oak Street,Meadowfield,France,94308
Elm Street,Rivertown,Australia,20143
Maple Avenue,Meadowfield,France,66603
Cedar Lane,Hilltop,Canada,67480
Pine Drive,Springfield,USA,73228
Oak Street,Lakeside,Canada,24502
Maple Avenue,Hilltop,Canada,16612
Spruce Road,Springfield,Canada,69680
Maple Avenue,Meadowfield,UK,12798
Cedar Lane,Rivertown,UK,28239
Cedar Lane,Lakeside,Canada,60729
Oak Street,Meadowfield,Canada,50784
Maple Avenue,Hilltop,Australia,85526
Cedar Lane,Rivertown,Germany,30563
Pine Drive,Rivertown,Canada,77943
Pine Drive,Brookhaven,UK,12798
Cedar Lane,Brookhaven,Germany,23038
Oak Street,Lakeside,UK,23038
Oak Street,Brookhaven,Germany,19549
Maple Avenue,Lakeside,Germany,77531
Maple Avenue,Springfield,Canada,72014
Oak Street,Brookhaven,Germany,30563
Spruce Road,Hilltop,France,17431
Oak Street,Lakeside,Australia,69680
Pine Drive,Rivertown,France,27142
Pine Drive,Lakeside,France,81277
Spruce Road,Springfield,USA,12798
Pine Drive,Rivertown,Germany,58869
Pine Drive,Brookhaven,Canada,62191
Spruce Road,Meadowfield,Canada,76843
Oak Street,Lakeside,France,62191
Elm Street,Rivertown,France,87687
Elm Street,Springfield,France,23164
Maple Avenue,Hilltop,Canada,46253
Cedar Lane,Rivertown,Canada,66603
Cedar Lane,Springfield,Canada,68496
Oak Street,Meadowfield,USA,92301
Cedar Lane,Springfield,Germany,38090
Maple Avenue,Meadowfield,USA,25425
Spruce Road,Meadowfield,Australia,68360
Maple Avenue,Lakeside,Canada,98486
Pine Drive,Springfield,Canada,17651
Pine Drive,Meadowfield,UK,58162
Pine Drive,Hilltop,France,72014
Spruce Road,Springfield,UK,60729
Spruce Road,Springfield,Germany,92653
Spruce Road,Hilltop,Canada,93109
Cedar Lane,Springfield,France,27142
Maple Avenue,Rivertown,USA,44147
Maple Avenue,Meadowfield,Canada,46253
Pine Drive,Lakeside,Australia,88112
Cedar Lane,Lakeside,UK,44612
Pine Drive,Rivertown,USA,19549
Pine Drive,Brookhaven,France,33542
Maple Avenue,Brookhaven,USA,44147
Cedar Lane,Springfield,Canada,17431
Oak Street,Brookhaven,Australia,66603
Oak Street,Lakeside,UK,63402
Pine Drive,Hilltop,Germany,15369
Pine Drive,Rivertown,Australia,17651
Maple Avenue,Rivertown,UK,60729
Oak Street,Hilltop,USA,98489
Cedar Lane,Lakeside,UK,17431
Maple Avenue,Springfield,Canada,18901
Cedar Lane,Brookhaven,USA,14739
Cedar Lane,Brookhaven,Australia,12798
Pine Drive,Meadowfield,Australia,54520
Spruce Road,Brookhaven,USA,77531
Maple Avenue,Lakeside,UK,17431
Spruce Road,Lakeside,Australia,85496
Pine Drive,Lakeside,France,18901
Spruce Road,Hilltop,Germany,91810
Elm Street,Hilltop,UK,24138
Cedar Lane,Springfield,Australia,88112
Pine Drive,Springfield,Australia,27142
Elm Street,Rivertown,Germany,38090
Spruce Road,Lakeside,Australia,58162
Elm Street,Rivertown,Australia,15369
Spruce Road,Springfield,Australia,30563
Cedar Lane,Brookhaven,USA,88112
Pine Drive,Hilltop,France,55482
Pine Drive,Springfield,USA,66603
Spruce Road,Meadowfield,Australia,38090
Elm Street,Lakeside,Germany,33500
Pine Drive,Springfield,USA,58162
Spruce Road,Springfield,Germany,67480
Oak Street,Lakeside,Germany,47116
Spruce Road,Springfield,Germany,85496
Maple Avenue,Brookhaven,USA,58869
Maple Avenue,Hilltop,Australia,16612
Pine Drive,Brookhaven,Australia,23038
Cedar Lane,Brookhaven,France,76843
Oak Street,Rivertown,UK,77531
Spruce Road,Springfield,UK,56188
Maple Avenue,Rivertown,Germany,16612
Oak Street,Hilltop,Australia,74693
Oak Street,Springfield,Canada,72412
Spruce Road,Springfield,USA,18901
Maple Avenue,Brookhaven,France,76843
Pine Drive,Rivertown,UK,15369
Spruce Road,Lakeside,France,33824
Elm Street,Meadowfield,UK,23342
Oak Street,Rivertown,Germany,91810
Spruce Road,Lakeside,USA,10575
Cedar Lane,Hilltop,France,68360
Maple Avenue,Rivertown,UK,98489
Cedar Lane,Meadowfield,USA,19040
Elm Street,Meadowfield,Germany,92653
Cedar Lane,Lakeside,Australia,43007
Pine Drive,Lakeside,France,17431
Oak Street,Meadowfield,UK,92301
Pine Drive,Springfield,Australia,17651
Cedar Lane,Lakeside,Australia,27892
Pine Drive,Hilltop,France,77943
Maple Avenue,Hilltop,Australia,81277
Spruce Road,Rivertown,Germany,58869
Oak Street,Meadowfield,Canada,88112
Spruce Road,Springfield,Canada,46678
Maple Avenue,Rivertown,Germany,85526
Cedar Lane,Hilltop,Germany,30887
Oak Street,Lakeside,USA,19040
Spruce Road,Lakeside,France,14739
Cedar Lane,Hilltop,Germany,43807
Maple Avenue,Springfield,Australia,69680
Cedar Lane,Lakeside,UK,18901
Cedar Lane,Springfield,Canada,38090
Spruce Road,Springfield,France,85368
Pine Drive,Hilltop,Germany,11480
Spruce Road,Hilltop,USA,24502
Elm Street,Brookhaven,France,63566
Pine Drive,Rivertown,Canada,58869
Elm Street,Meadowfield,France,72412
Spruce Road,Springfield,USA,46253
Elm Street,Brookhaven,UK,67480
Spruce Road,Meadowfield,Germany,88112
Maple Avenue,Springfield,USA,20125
Elm Street,Springfield,Germany,14739
Oak Street,Rivertown,France,91810
Elm Street,Brookhaven,Canada,72014
Spruce Road,Rivertown,France,91810
Pine Drive,Hilltop,UK,10575
Maple Avenue,Springfield,France,46253
Oak Street,Meadowfield,Canada,58608
Elm Street,Rivertown,Germany,31480
Spruce Road,Brookhaven,Germany,44612
Cedar Lane,Springfield,France,17871
Oak Street,Lakeside,Germany,23038
Maple Avenue,Springfield,UK,14739
Pine Drive,Meadowfield,Australia,69450
Pine Drive,Brookhaven,Canada,77531
Oak Street,Brookhaven,USA,86604
